BaseCode,SectionBreakStartKM,break_date,last_fail_if_available_otherwise_null,r_date,rul,p_key,partition_col,target
ARTC-10,234.44,2023-10-08,null,2023-06-28,103,ARTC-10_234.44_20m_2023-06-28,ARTC-10_234.44,0
ARTC-10,234.44,2023-10-08,null,2023-08-13,57,ARTC-10_234.44_20m_2023-08-13,ARTC-10_234.44,0
ARTC-10,234.44,2023-10-08,null,2023-09-20,19,ARTC-10_234.44_20m_2023-09-20,ARTC-10_234.44,1
ARTC-11,171.6,2023-10-27,2010-10-19,2023-05-01,180,ARTC-11_171.6_20m_2023-05-01,ARTC-11_171.6,0
ARTC-11,171.6,2023-10-27,2010-10-19,2023-05-03,178,ARTC-11_171.6_20m_2023-05-03,ARTC-11_171.6,0
ARTC-11,171.6,2023-10-27,2010-10-19,2023-05-04,177,ARTC-11_171.6_20m_2023-05-04,ARTC-11_171.6,0
ARTC-11,171.6,2023-10-27,2010-10-19,2023-05-05,176,ARTC-11_171.6_20m_2023-05-05,ARTC-11_171.6,0
ARTC-11,171.6,2023-10-27,2010-10-19,2023-05-06,175,ARTC-11_171.6_20m_2023-05-06,ARTC-11_171.6,0
ARTC-11,171.6,2023-10-27,2010-10-19,2023-05-07,174,ARTC-11_171.6_20m_2023-05-07,ARTC-11_171.6,0
ARTC-11,171.6,2023-10-27,2010-10-19,2023-05-08,173,ARTC-11_171.6_20m_2023-05-08,ARTC-11_171.6,0
ARTC-11,171.6,2023-10-27,2010-10-19,2023-05-10,171,ARTC-11_171.6_20m_2023-05-10,ARTC-11_171.6,0
ARTC-11,171.6,2023-10-27,2010-10-19,2023-05-11,170,ARTC-11_171.6_20m_2023-05-11,ARTC-11_171.6,0
ARTC-11,171.6,2023-10-27,2010-10-19,2023-05-12,169,ARTC-11_171.6_20m_2023-05-12,ARTC-11_171.6,0
ARTC-11,171.6,2023-10-27,2010-10-19,2023-05-13,168,ARTC-11_171.6_20m_2023-05-13,ARTC-11_171.6,0
ARTC-11,171.6,2023-10-27,2010-10-19,2023-05-14,167,ARTC-11_171.6_20m_2023-05-14,ARTC-11_171.6,0
ARTC-11,171.6,2023-10-27,2010-10-19,2023-05-15,166,ARTC-11_171.6_20m_2023-05-15,ARTC-11_171.6,0
ARTC-11,171.6,2023-10-27,2010-10-19,2023-05-16,165,ARTC-11_171.6_20m_2023-05-16,ARTC-11_171.6,0
ARTC-11,171.6,2023-10-27,2010-10-19,2023-05-17,164,ARTC-11_171.6_20m_2023-05-17,ARTC-11_171.6,0
ARTC-11,171.6,2023-10-27,2010-10-19,2023-05-18,163,ARTC-11_171.6_20m_2023-05-18,ARTC-11_171.6,0
ARTC-11,171.6,2023-10-27,2010-10-19,2023-05-19,162,ARTC-11_171.6_20m_2023-05-19,ARTC-11_171.6,0
ARTC-11,171.6,2023-10-27,2010-10-19,2023-05-20,161,ARTC-11_171.6_20m_2023-05-20,ARTC-11_171.6,0
ARTC-11,171.6,2023-10-27,2010-10-19,2023-05-21,160,ARTC-11_171.6_20m_2023-05-21,ARTC-11_171.6,0
ARTC-11,171.6,2023-10-27,2010-10-19,2023-05-22,159,ARTC-11_171.6_20m_2023-05-22,ARTC-11_171.6,0
ARTC-11,171.6,2023-10-27,2010-10-19,2023-06-02,148,ARTC-11_171.6_20m_2023-06-02,ARTC-11_171.6,0
ARTC-11,171.6,2023-10-27,2010-10-19,2023-06-03,147,ARTC-11_171.6_20m_2023-06-03,ARTC-11_171.6,0
ARTC-11,171.6,2023-10-27,2010-10-19,2023-06-04,146,ARTC-11_171.6_20m_2023-06-04,ARTC-11_171.6,0
ARTC-11,171.6,2023-10-27,2010-10-19,2023-06-05,145,ARTC-11_171.6_20m_2023-06-05,ARTC-11_171.6,0
ARTC-11,171.6,2023-10-27,2010-10-19,2023-06-06,144,ARTC-11_171.6_20m_2023-06-06,ARTC-11_171.6,0
ARTC-11,171.6,2023-10-27,2010-10-19,2023-06-07,143,ARTC-11_171.6_20m_2023-06-07,ARTC-11_171.6,0
ARTC-11,171.6,2023-10-27,2010-10-19,2023-06-08,142,ARTC-11_171.6_20m_2023-06-08,ARTC-11_171.6,0
ARTC-11,171.6,2023-10-27,2010-10-19,2023-06-09,141,ARTC-11_171.6_20m_2023-06-09,ARTC-11_171.6,0
ARTC-11,171.6,2023-10-27,2010-10-19,2023-06-10,140,ARTC-11_171.6_20m_2023-06-10,ARTC-11_171.6,0
ARTC-11,171.6,2023-10-27,2010-10-19,2023-06-11,139,ARTC-11_171.6_20m_2023-06-11,ARTC-11_171.6,0
ARTC-11,171.6,2023-10-27,2010-10-19,2023-06-12,138,ARTC-11_171.6_20m_2023-06-12,ARTC-11_171.6,0
ARTC-11,171.6,2023-10-27,2010-10-19,2023-06-13,137,ARTC-11_171.6_20m_2023-06-13,ARTC-11_171.6,0
ARTC-11,171.6,2023-10-27,2010-10-19,2023-06-14,136,ARTC-11_171.6_20m_2023-06-14,ARTC-11_171.6,0
ARTC-11,171.6,2023-10-27,2010-10-19,2023-06-15,135,ARTC-11_171.6_20m_2023-06-15,ARTC-11_171.6,0
ARTC-11,171.6,2023-10-27,2010-10-19,2023-06-17,133,ARTC-11_171.6_20m_2023-06-17,ARTC-11_171.6,0
ARTC-11,171.6,2023-10-27,2010-10-19,2023-06-18,132,ARTC-11_171.6_20m_2023-06-18,ARTC-11_171.6,0
ARTC-11,171.6,2023-10-27,2010-10-19,2023-06-19,131,ARTC-11_171.6_20m_2023-06-19,ARTC-11_171.6,0
ARTC-11,171.6,2023-10-27,2010-10-19,2023-06-20,130,ARTC-11_171.6_20m_2023-06-20,ARTC-11_171.6,0
ARTC-11,171.6,2023-10-27,2010-10-19,2023-06-21,129,ARTC-11_171.6_20m_2023-06-21,ARTC-11_171.6,0
ARTC-11,171.6,2023-10-27,2010-10-19,2023-06-22,128,ARTC-11_171.6_20m_2023-06-22,ARTC-11_171.6,0
ARTC-11,171.6,2023-10-27,2010-10-19,2023-06-23,127,ARTC-11_171.6_20m_2023-06-23,ARTC-11_171.6,0
ARTC-11,171.6,2023-10-27,2010-10-19,2023-06-24,126,ARTC-11_171.6_20m_2023-06-24,ARTC-11_171.6,0
ARTC-11,171.6,2023-10-27,2010-10-19,2023-06-25,125,ARTC-11_171.6_20m_2023-06-25,ARTC-11_171.6,0
ARTC-11,171.6,2023-10-27,2010-10-19,2023-06-26,124,ARTC-11_171.6_20m_2023-06-26,ARTC-11_171.6,0
ARTC-11,171.6,2023-10-27,2010-10-19,2023-06-27,123,ARTC-11_171.6_20m_2023-06-27,ARTC-11_171.6,0
ARTC-11,171.6,2023-10-27,2010-10-19,2023-06-28,122,ARTC-11_171.6_20m_2023-06-28,ARTC-11_171.6,0
ARTC-11,171.6,2023-10-27,2010-10-19,2023-06-29,121,ARTC-11_171.6_20m_2023-06-29,ARTC-11_171.6,0
ARTC-11,171.6,2023-10-27,2010-10-19,2023-06-30,120,ARTC-11_171.6_20m_2023-06-30,ARTC-11_171.6,0
ARTC-11,171.6,2023-10-27,2010-10-19,2023-07-01,119,ARTC-11_171.6_20m_2023-07-01,ARTC-11_171.6,0
ARTC-11,171.6,2023-10-27,2010-10-19,2023-07-02,118,ARTC-11_171.6_20m_2023-07-02,ARTC-11_171.6,0
ARTC-11,171.6,2023-10-27,2010-10-19,2023-07-03,117,ARTC-11_171.6_20m_2023-07-03,ARTC-11_171.6,0
ARTC-11,171.6,2023-10-27,2010-10-19,2023-07-04,116,ARTC-11_171.6_20m_2023-07-04,ARTC-11_171.6,0
ARTC-11,171.6,2023-10-27,2010-10-19,2023-07-05,115,ARTC-11_171.6_20m_2023-07-05,ARTC-11_171.6,0
ARTC-11,171.6,2023-10-27,2010-10-19,2023-07-06,114,ARTC-11_171.6_20m_2023-07-06,ARTC-11_171.6,0
ARTC-11,171.6,2023-10-27,2010-10-19,2023-07-07,113,ARTC-11_171.6_20m_2023-07-07,ARTC-11_171.6,0
ARTC-11,171.6,2023-10-27,2010-10-19,2023-07-09,111,ARTC-11_171.6_20m_2023-07-09,ARTC-11_171.6,0
ARTC-11,171.6,2023-10-27,2010-10-19,2023-07-10,110,ARTC-11_171.6_20m_2023-07-10,ARTC-11_171.6,0
ARTC-11,171.6,2023-10-27,2010-10-19,2023-07-11,109,ARTC-11_171.6_20m_2023-07-11,ARTC-11_171.6,0
ARTC-11,171.6,2023-10-27,2010-10-19,2023-07-12,108,ARTC-11_171.6_20m_2023-07-12,ARTC-11_171.6,0
ARTC-11,171.6,2023-10-27,2010-10-19,2023-07-13,107,ARTC-11_171.6_20m_2023-07-13,ARTC-11_171.6,0
ARTC-11,171.6,2023-10-27,2010-10-19,2023-07-14,106,ARTC-11_171.6_20m_2023-07-14,ARTC-11_171.6,0
ARTC-11,171.6,2023-10-27,2010-10-19,2023-07-15,105,ARTC-11_171.6_20m_2023-07-15,ARTC-11_171.6,0
ARTC-11,171.6,2023-10-27,2010-10-19,2023-07-16,104,ARTC-11_171.6_20m_2023-07-16,ARTC-11_171.6,0
ARTC-11,171.6,2023-10-27,2010-10-19,2023-07-17,103,ARTC-11_171.6_20m_2023-07-17,ARTC-11_171.6,0
ARTC-11,171.6,2023-10-27,2010-10-19,2023-07-18,102,ARTC-11_171.6_20m_2023-07-18,ARTC-11_171.6,0
ARTC-11,171.6,2023-10-27,2010-10-19,2023-07-19,101,ARTC-11_171.6_20m_2023-07-19,ARTC-11_171.6,0
ARTC-11,171.6,2023-10-27,2010-10-19,2023-07-20,100,ARTC-11_171.6_20m_2023-07-20,ARTC-11_171.6,0
ARTC-11,171.6,2023-10-27,2010-10-19,2023-07-21,99,ARTC-11_171.6_20m_2023-07-21,ARTC-11_171.6,0
ARTC-11,171.6,2023-10-27,2010-10-19,2023-07-22,98,ARTC-11_171.6_20m_2023-07-22,ARTC-11_171.6,0
ARTC-11,171.6,2023-10-27,2010-10-19,2023-07-23,97,ARTC-11_171.6_20m_2023-07-23,ARTC-11_171.6,0
ARTC-11,171.6,2023-10-27,2010-10-19,2023-07-24,96,ARTC-11_171.6_20m_2023-07-24,ARTC-11_171.6,0
ARTC-11,171.6,2023-10-27,2010-10-19,2023-07-25,95,ARTC-11_171.6_20m_2023-07-25,ARTC-11_171.6,0
ARTC-11,171.6,2023-10-27,2010-10-19,2023-07-26,94,ARTC-11_171.6_20m_2023-07-26,ARTC-11_171.6,0
ARTC-11,171.6,2023-10-27,2010-10-19,2023-07-27,93,ARTC-11_171.6_20m_2023-07-27,ARTC-11_171.6,0
ARTC-11,171.6,2023-10-27,2010-10-19,2023-07-28,92,ARTC-11_171.6_20m_2023-07-28,ARTC-11_171.6,0
ARTC-11,171.6,2023-10-27,2010-10-19,2023-07-29,91,ARTC-11_171.6_20m_2023-07-29,ARTC-11_171.6,0
ARTC-11,171.6,2023-10-27,2010-10-19,2023-07-30,90,ARTC-11_171.6_20m_2023-07-30,ARTC-11_171.6,0
ARTC-11,171.6,2023-10-27,2010-10-19,2023-07-31,89,ARTC-11_171.6_20m_2023-07-31,ARTC-11_171.6,0
ARTC-11,171.6,2023-10-27,2010-10-19,2023-08-01,88,ARTC-11_171.6_20m_2023-08-01,ARTC-11_171.6,0
ARTC-11,171.6,2023-10-27,2010-10-19,2023-08-02,87,ARTC-11_171.6_20m_2023-08-02,ARTC-11_171.6,0
ARTC-11,171.6,2023-10-27,2010-10-19,2023-08-03,86,ARTC-11_171.6_20m_2023-08-03,ARTC-11_171.6,0
ARTC-11,171.6,2023-10-27,2010-10-19,2023-08-04,85,ARTC-11_171.6_20m_2023-08-04,ARTC-11_171.6,0
ARTC-11,171.6,2023-10-27,2010-10-19,2023-08-08,81,ARTC-11_171.6_20m_2023-08-08,ARTC-11_171.6,0
ARTC-11,171.6,2023-10-27,2010-10-19,2023-08-09,80,ARTC-11_171.6_20m_2023-08-09,ARTC-11_171.6,0
ARTC-11,171.6,2023-10-27,2010-10-19,2023-08-10,79,ARTC-11_171.6_20m_2023-08-10,ARTC-11_171.6,0
ARTC-11,171.6,2023-10-27,2010-10-19,2023-08-11,78,ARTC-11_171.6_20m_2023-08-11,ARTC-11_171.6,0
ARTC-11,171.6,2023-10-27,2010-10-19,2023-08-12,77,ARTC-11_171.6_20m_2023-08-12,ARTC-11_171.6,0
ARTC-11,171.6,2023-10-27,2010-10-19,2023-08-13,76,ARTC-11_171.6_20m_2023-08-13,ARTC-11_171.6,0
ARTC-11,171.6,2023-10-27,2010-10-19,2023-08-14,75,ARTC-11_171.6_20m_2023-08-14,ARTC-11_171.6,0
ARTC-11,171.6,2023-10-27,2010-10-19,2023-08-15,74,ARTC-11_171.6_20m_2023-08-15,ARTC-11_171.6,0
ARTC-11,171.6,2023-10-27,2010-10-19,2023-08-16,73,ARTC-11_171.6_20m_2023-08-16,ARTC-11_171.6,0
ARTC-11,171.6,2023-10-27,2010-10-19,2023-08-17,72,ARTC-11_171.6_20m_2023-08-17,ARTC-11_171.6,0
ARTC-11,171.6,2023-10-27,2010-10-19,2023-08-18,71,ARTC-11_171.6_20m_2023-08-18,ARTC-11_171.6,0
ARTC-11,171.6,2023-10-27,2010-10-19,2023-08-19,70,ARTC-11_171.6_20m_2023-08-19,ARTC-11_171.6,0
ARTC-11,171.6,2023-10-27,2010-10-19,2023-08-20,69,ARTC-11_171.6_20m_2023-08-20,ARTC-11_171.6,0
ARTC-11,171.6,2023-10-27,2010-10-19,2023-08-21,68,ARTC-11_171.6_20m_2023-08-21,ARTC-11_171.6,0
ARTC-11,171.6,2023-10-27,2010-10-19,2023-08-22,67,ARTC-11_171.6_20m_2023-08-22,ARTC-11_171.6,0
ARTC-11,171.6,2023-10-27,2010-10-19,2023-08-23,66,ARTC-11_171.6_20m_2023-08-23,ARTC-11_171.6,0
ARTC-11,171.6,2023-10-27,2010-10-19,2023-08-24,65,ARTC-11_171.6_20m_2023-08-24,ARTC-11_171.6,0
ARTC-11,171.6,2023-10-27,2010-10-19,2023-08-25,64,ARTC-11_171.6_20m_2023-08-25,ARTC-11_171.6,0
ARTC-11,171.6,2023-10-27,2010-10-19,2023-08-26,63,ARTC-11_171.6_20m_2023-08-26,ARTC-11_171.6,0
ARTC-11,171.6,2023-10-27,2010-10-19,2023-08-27,62,ARTC-11_171.6_20m_2023-08-27,ARTC-11_171.6,0
ARTC-11,171.6,2023-10-27,2010-10-19,2023-08-28,61,ARTC-11_171.6_20m_2023-08-28,ARTC-11_171.6,0
ARTC-11,171.6,2023-10-27,2010-10-19,2023-08-29,60,ARTC-11_171.6_20m_2023-08-29,ARTC-11_171.6,0
ARTC-11,171.6,2023-10-27,2010-10-19,2023-08-30,59,ARTC-11_171.6_20m_2023-08-30,ARTC-11_171.6,0
ARTC-11,171.6,2023-10-27,2010-10-19,2023-08-31,58,ARTC-11_171.6_20m_2023-08-31,ARTC-11_171.6,0
ARTC-11,171.6,2023-10-27,2010-10-19,2023-09-01,57,ARTC-11_171.6_20m_2023-09-01,ARTC-11_171.6,0
ARTC-11,171.6,2023-10-27,2010-10-19,2023-09-02,56,ARTC-11_171.6_20m_2023-09-02,ARTC-11_171.6,0
ARTC-11,171.6,2023-10-27,2010-10-19,2023-09-03,55,ARTC-11_171.6_20m_2023-09-03,ARTC-11_171.6,0
ARTC-11,171.6,2023-10-27,2010-10-19,2023-09-04,54,ARTC-11_171.6_20m_2023-09-04,ARTC-11_171.6,0
ARTC-11,171.6,2023-10-27,2010-10-19,2023-09-05,53,ARTC-11_171.6_20m_2023-09-05,ARTC-11_171.6,0
ARTC-11,171.6,2023-10-27,2010-10-19,2023-09-06,52,ARTC-11_171.6_20m_2023-09-06,ARTC-11_171.6,0
ARTC-11,171.6,2023-10-27,2010-10-19,2023-09-07,51,ARTC-11_171.6_20m_2023-09-07,ARTC-11_171.6,0
ARTC-11,171.6,2023-10-27,2010-10-19,2023-09-08,50,ARTC-11_171.6_20m_2023-09-08,ARTC-11_171.6,0
ARTC-11,171.6,2023-10-27,2010-10-19,2023-09-09,49,ARTC-11_171.6_20m_2023-09-09,ARTC-11_171.6,0
ARTC-11,171.6,2023-10-27,2010-10-19,2023-09-10,48,ARTC-11_171.6_20m_2023-09-10,ARTC-11_171.6,0
ARTC-11,171.6,2023-10-27,2010-10-19,2023-09-11,47,ARTC-11_171.6_20m_2023-09-11,ARTC-11_171.6,0
ARTC-11,171.6,2023-10-27,2010-10-19,2023-09-12,46,ARTC-11_171.6_20m_2023-09-12,ARTC-11_171.6,0
ARTC-11,171.6,2023-10-27,2010-10-19,2023-09-13,45,ARTC-11_171.6_20m_2023-09-13,ARTC-11_171.6,0
ARTC-11,171.6,2023-10-27,2010-10-19,2023-09-14,44,ARTC-11_171.6_20m_2023-09-14,ARTC-11_171.6,0
ARTC-11,171.6,2023-10-27,2010-10-19,2023-09-15,43,ARTC-11_171.6_20m_2023-09-15,ARTC-11_171.6,0
ARTC-11,171.6,2023-10-27,2010-10-19,2023-09-16,42,ARTC-11_171.6_20m_2023-09-16,ARTC-11_171.6,0
ARTC-11,171.6,2023-10-27,2010-10-19,2023-09-17,41,ARTC-11_171.6_20m_2023-09-17,ARTC-11_171.6,0
ARTC-11,171.6,2023-10-27,2010-10-19,2023-09-18,40,ARTC-11_171.6_20m_2023-09-18,ARTC-11_171.6,0
ARTC-11,171.6,2023-10-27,2010-10-19,2023-09-19,39,ARTC-11_171.6_20m_2023-09-19,ARTC-11_171.6,0
ARTC-11,171.6,2023-10-27,2010-10-19,2023-09-20,38,ARTC-11_171.6_20m_2023-09-20,ARTC-11_171.6,0
ARTC-11,171.6,2023-10-27,2010-10-19,2023-09-21,37,ARTC-11_171.6_20m_2023-09-21,ARTC-11_171.6,0
ARTC-11,171.6,2023-10-27,2010-10-19,2023-09-22,36,ARTC-11_171.6_20m_2023-09-22,ARTC-11_171.6,0
ARTC-11,171.6,2023-10-27,2010-10-19,2023-09-23,35,ARTC-11_171.6_20m_2023-09-23,ARTC-11_171.6,0
ARTC-11,171.6,2023-10-27,2010-10-19,2023-09-24,34,ARTC-11_171.6_20m_2023-09-24,ARTC-11_171.6,0
ARTC-11,171.6,2023-10-27,2010-10-19,2023-09-25,33,ARTC-11_171.6_20m_2023-09-25,ARTC-11_171.6,0
ARTC-11,171.6,2023-10-27,2010-10-19,2023-09-26,32,ARTC-11_171.6_20m_2023-09-26,ARTC-11_171.6,0
ARTC-11,171.6,2023-10-27,2010-10-19,2023-09-27,31,ARTC-11_171.6_20m_2023-09-27,ARTC-11_171.6,0
ARTC-11,171.6,2023-10-27,2010-10-19,2023-09-28,30,ARTC-11_171.6_20m_2023-09-28,ARTC-11_171.6,0
ARTC-11,171.6,2023-10-27,2010-10-19,2023-09-29,29,ARTC-11_171.6_20m_2023-09-29,ARTC-11_171.6,1
ARTC-11,171.6,2023-10-27,2010-10-19,2023-09-30,28,ARTC-11_171.6_20m_2023-09-30,ARTC-11_171.6,1
ARTC-11,171.6,2023-10-27,2010-10-19,2023-10-01,27,ARTC-11_171.6_20m_2023-10-01,ARTC-11_171.6,1
ARTC-11,171.6,2023-10-27,2010-10-19,2023-10-02,26,ARTC-11_171.6_20m_2023-10-02,ARTC-11_171.6,1
ARTC-11,171.6,2023-10-27,2010-10-19,2023-10-03,25,ARTC-11_171.6_20m_2023-10-03,ARTC-11_171.6,1
ARTC-11,171.6,2023-10-27,2010-10-19,2023-10-07,21,ARTC-11_171.6_20m_2023-10-07,ARTC-11_171.6,1
ARTC-11,171.6,2023-10-27,2010-10-19,2023-10-08,20,ARTC-11_171.6_20m_2023-10-08,ARTC-11_171.6,1
ARTC-11,171.6,2023-10-27,2010-10-19,2023-10-09,19,ARTC-11_171.6_20m_2023-10-09,ARTC-11_171.6,1
ARTC-11,171.6,2023-10-27,2010-10-19,2023-10-10,18,ARTC-11_171.6_20m_2023-10-10,ARTC-11_171.6,1
ARTC-11,171.6,2023-10-27,2010-10-19,2023-10-11,17,ARTC-11_171.6_20m_2023-10-11,ARTC-11_171.6,1
ARTC-11,171.6,2023-10-27,2010-10-19,2023-10-12,16,ARTC-11_171.6_20m_2023-10-12,ARTC-11_171.6,1
ARTC-11,171.6,2023-10-27,2010-10-19,2023-10-13,15,ARTC-11_171.6_20m_2023-10-13,ARTC-11_171.6,1
ARTC-11,171.6,2023-10-27,2010-10-19,2023-10-14,14,ARTC-11_171.6_20m_2023-10-14,ARTC-11_171.6,1
ARTC-11,171.6,2023-10-27,2010-10-19,2023-10-15,13,ARTC-11_171.6_20m_2023-10-15,ARTC-11_171.6,1
ARTC-11,171.6,2023-10-27,2010-10-19,2023-10-16,12,ARTC-11_171.6_20m_2023-10-16,ARTC-11_171.6,1
ARTC-11,171.6,2023-10-27,2010-10-19,2023-10-17,11,ARTC-11_171.6_20m_2023-10-17,ARTC-11_171.6,1
ARTC-11,171.6,2023-10-27,2010-10-19,2023-10-18,10,ARTC-11_171.6_20m_2023-10-18,ARTC-11_171.6,1
ARTC-11,171.6,2023-10-27,2010-10-19,2023-10-19,9,ARTC-11_171.6_20m_2023-10-19,ARTC-11_171.6,1
ARTC-11,171.6,2023-10-27,2010-10-19,2023-10-20,8,ARTC-11_171.6_20m_2023-10-20,ARTC-11_171.6,1
ARTC-11,171.6,2023-10-27,2010-10-19,2023-10-21,7,ARTC-11_171.6_20m_2023-10-21,ARTC-11_171.6,1
ARTC-11,171.6,2023-10-27,2010-10-19,2023-10-22,6,ARTC-11_171.6_20m_2023-10-22,ARTC-11_171.6,1
ARTC-11,171.6,2023-10-27,2010-10-19,2023-10-23,5,ARTC-11_171.6_20m_2023-10-23,ARTC-11_171.6,1
ARTC-11,171.6,2023-10-27,2010-10-19,2023-10-24,4,ARTC-11_171.6_20m_2023-10-24,ARTC-11_171.6,1
ARTC-11,171.6,2023-10-27,2010-10-19,2023-10-25,3,ARTC-11_171.6_20m_2023-10-25,ARTC-11_171.6,1
ARTC-11,171.6,2023-10-27,2010-10-19,2023-10-26,2,ARTC-11_171.6_20m_2023-10-26,ARTC-11_171.6,1
ARTC-11,171.6,2023-10-27,2010-10-19,2023-10-27,1,ARTC-11_171.6_20m_2023-10-27,ARTC-11_171.6,1
ARTC-11,178.02,2023-11-27,null,2023-08-08,112,ARTC-11_178.02_20m_2023-08-08,ARTC-11_178.02,0
ARTC-11,178.02,2023-11-27,null,2023-08-09,111,ARTC-11_178.02_20m_2023-08-09,ARTC-11_178.02,0
ARTC-11,178.02,2023-11-27,null,2023-08-10,110,ARTC-11_178.02_20m_2023-08-10,ARTC-11_178.02,0
ARTC-11,178.02,2023-11-27,null,2023-08-11,109,ARTC-11_178.02_20m_2023-08-11,ARTC-11_178.02,0
ARTC-11,178.02,2023-11-27,null,2023-08-12,108,ARTC-11_178.02_20m_2023-08-12,ARTC-11_178.02,0
ARTC-11,178.02,2023-11-27,null,2023-08-13,107,ARTC-11_178.02_20m_2023-08-13,ARTC-11_178.02,0
ARTC-11,178.02,2023-11-27,null,2023-08-14,106,ARTC-11_178.02_20m_2023-08-14,ARTC-11_178.02,0
ARTC-11,178.02,2023-11-27,null,2023-08-15,105,ARTC-11_178.02_20m_2023-08-15,ARTC-11_178.02,0
ARTC-11,178.02,2023-11-27,null,2023-08-16,104,ARTC-11_178.02_20m_2023-08-16,ARTC-11_178.02,0
ARTC-11,178.02,2023-11-27,null,2023-08-17,103,ARTC-11_178.02_20m_2023-08-17,ARTC-11_178.02,0
ARTC-11,178.02,2023-11-27,null,2023-08-18,102,ARTC-11_178.02_20m_2023-08-18,ARTC-11_178.02,0
ARTC-11,178.02,2023-11-27,null,2023-08-19,101,ARTC-11_178.02_20m_2023-08-19,ARTC-11_178.02,0
ARTC-11,178.02,2023-11-27,null,2023-08-20,100,ARTC-11_178.02_20m_2023-08-20,ARTC-11_178.02,0
ARTC-11,178.02,2023-11-27,null,2023-08-21,99,ARTC-11_178.02_20m_2023-08-21,ARTC-11_178.02,0
ARTC-11,178.02,2023-11-27,null,2023-08-22,98,ARTC-11_178.02_20m_2023-08-22,ARTC-11_178.02,0
ARTC-11,178.02,2023-11-27,null,2023-08-23,97,ARTC-11_178.02_20m_2023-08-23,ARTC-11_178.02,0
ARTC-11,178.02,2023-11-27,null,2023-08-24,96,ARTC-11_178.02_20m_2023-08-24,ARTC-11_178.02,0
ARTC-11,178.02,2023-11-27,null,2023-08-25,95,ARTC-11_178.02_20m_2023-08-25,ARTC-11_178.02,0
ARTC-11,178.02,2023-11-27,null,2023-08-26,94,ARTC-11_178.02_20m_2023-08-26,ARTC-11_178.02,0
ARTC-11,178.02,2023-11-27,null,2023-08-27,93,ARTC-11_178.02_20m_2023-08-27,ARTC-11_178.02,0
ARTC-11,178.02,2023-11-27,null,2023-08-28,92,ARTC-11_178.02_20m_2023-08-28,ARTC-11_178.02,0
ARTC-11,178.02,2023-11-27,null,2023-08-29,91,ARTC-11_178.02_20m_2023-08-29,ARTC-11_178.02,0
ARTC-11,178.02,2023-11-27,null,2023-08-30,90,ARTC-11_178.02_20m_2023-08-30,ARTC-11_178.02,0
ARTC-11,178.02,2023-11-27,null,2023-08-31,89,ARTC-11_178.02_20m_2023-08-31,ARTC-11_178.02,0
ARTC-11,178.02,2023-11-27,null,2023-09-01,88,ARTC-11_178.02_20m_2023-09-01,ARTC-11_178.02,0
ARTC-11,178.02,2023-11-27,null,2023-09-02,87,ARTC-11_178.02_20m_2023-09-02,ARTC-11_178.02,0
ARTC-11,178.02,2023-11-27,null,2023-09-03,86,ARTC-11_178.02_20m_2023-09-03,ARTC-11_178.02,0
ARTC-11,178.02,2023-11-27,null,2023-09-04,85,ARTC-11_178.02_20m_2023-09-04,ARTC-11_178.02,0
ARTC-11,178.02,2023-11-27,null,2023-09-05,84,ARTC-11_178.02_20m_2023-09-05,ARTC-11_178.02,0
ARTC-11,178.02,2023-11-27,null,2023-09-06,83,ARTC-11_178.02_20m_2023-09-06,ARTC-11_178.02,0
ARTC-11,178.02,2023-11-27,null,2023-09-07,82,ARTC-11_178.02_20m_2023-09-07,ARTC-11_178.02,0
ARTC-11,178.02,2023-11-27,null,2023-09-08,81,ARTC-11_178.02_20m_2023-09-08,ARTC-11_178.02,0
ARTC-11,178.02,2023-11-27,null,2023-09-09,80,ARTC-11_178.02_20m_2023-09-09,ARTC-11_178.02,0
ARTC-11,178.02,2023-11-27,null,2023-09-10,79,ARTC-11_178.02_20m_2023-09-10,ARTC-11_178.02,0
ARTC-11,178.02,2023-11-27,null,2023-09-11,78,ARTC-11_178.02_20m_2023-09-11,ARTC-11_178.02,0
ARTC-11,178.02,2023-11-27,null,2023-09-12,77,ARTC-11_178.02_20m_2023-09-12,ARTC-11_178.02,0
ARTC-11,178.02,2023-11-27,null,2023-09-13,76,ARTC-11_178.02_20m_2023-09-13,ARTC-11_178.02,0
ARTC-11,178.02,2023-11-27,null,2023-09-14,75,ARTC-11_178.02_20m_2023-09-14,ARTC-11_178.02,0
ARTC-11,178.02,2023-11-27,null,2023-09-15,74,ARTC-11_178.02_20m_2023-09-15,ARTC-11_178.02,0
ARTC-11,178.02,2023-11-27,null,2023-09-16,73,ARTC-11_178.02_20m_2023-09-16,ARTC-11_178.02,0
ARTC-11,178.02,2023-11-27,null,2023-09-17,72,ARTC-11_178.02_20m_2023-09-17,ARTC-11_178.02,0
ARTC-11,178.02,2023-11-27,null,2023-09-18,71,ARTC-11_178.02_20m_2023-09-18,ARTC-11_178.02,0
ARTC-11,178.02,2023-11-27,null,2023-09-19,70,ARTC-11_178.02_20m_2023-09-19,ARTC-11_178.02,0
ARTC-11,178.02,2023-11-27,null,2023-09-20,69,ARTC-11_178.02_20m_2023-09-20,ARTC-11_178.02,0
ARTC-11,178.02,2023-11-27,null,2023-09-21,68,ARTC-11_178.02_20m_2023-09-21,ARTC-11_178.02,0
ARTC-11,178.02,2023-11-27,null,2023-09-22,67,ARTC-11_178.02_20m_2023-09-22,ARTC-11_178.02,0
ARTC-11,178.02,2023-11-27,null,2023-09-23,66,ARTC-11_178.02_20m_2023-09-23,ARTC-11_178.02,0
ARTC-11,178.02,2023-11-27,null,2023-09-24,65,ARTC-11_178.02_20m_2023-09-24,ARTC-11_178.02,0
ARTC-11,178.02,2023-11-27,null,2023-09-25,64,ARTC-11_178.02_20m_2023-09-25,ARTC-11_178.02,0
ARTC-11,178.02,2023-11-27,null,2023-09-26,63,ARTC-11_178.02_20m_2023-09-26,ARTC-11_178.02,0
ARTC-11,178.02,2023-11-27,null,2023-09-27,62,ARTC-11_178.02_20m_2023-09-27,ARTC-11_178.02,0
ARTC-11,178.02,2023-11-27,null,2023-09-28,61,ARTC-11_178.02_20m_2023-09-28,ARTC-11_178.02,0
ARTC-11,178.02,2023-11-27,null,2023-09-29,60,ARTC-11_178.02_20m_2023-09-29,ARTC-11_178.02,0
ARTC-11,178.02,2023-11-27,null,2023-09-30,59,ARTC-11_178.02_20m_2023-09-30,ARTC-11_178.02,0
ARTC-11,178.02,2023-11-27,null,2023-10-01,58,ARTC-11_178.02_20m_2023-10-01,ARTC-11_178.02,0
ARTC-11,178.02,2023-11-27,null,2023-10-02,57,ARTC-11_178.02_20m_2023-10-02,ARTC-11_178.02,0
ARTC-11,178.02,2023-11-27,null,2023-10-03,56,ARTC-11_178.02_20m_2023-10-03,ARTC-11_178.02,0
ARTC-11,178.02,2023-11-27,null,2023-10-07,52,ARTC-11_178.02_20m_2023-10-07,ARTC-11_178.02,0
ARTC-11,178.02,2023-11-27,null,2023-10-08,51,ARTC-11_178.02_20m_2023-10-08,ARTC-11_178.02,0
ARTC-11,178.02,2023-11-27,null,2023-10-09,50,ARTC-11_178.02_20m_2023-10-09,ARTC-11_178.02,0
ARTC-11,178.02,2023-11-27,null,2023-10-10,49,ARTC-11_178.02_20m_2023-10-10,ARTC-11_178.02,0
ARTC-11,178.02,2023-11-27,null,2023-10-11,48,ARTC-11_178.02_20m_2023-10-11,ARTC-11_178.02,0
ARTC-11,178.02,2023-11-27,null,2023-10-12,47,ARTC-11_178.02_20m_2023-10-12,ARTC-11_178.02,0
ARTC-11,178.02,2023-11-27,null,2023-10-13,46,ARTC-11_178.02_20m_2023-10-13,ARTC-11_178.02,0
ARTC-11,178.02,2023-11-27,null,2023-10-14,45,ARTC-11_178.02_20m_2023-10-14,ARTC-11_178.02,0
ARTC-11,178.02,2023-11-27,null,2023-10-15,44,ARTC-11_178.02_20m_2023-10-15,ARTC-11_178.02,0
ARTC-11,178.02,2023-11-27,null,2023-10-16,43,ARTC-11_178.02_20m_2023-10-16,ARTC-11_178.02,0
ARTC-11,178.02,2023-11-27,null,2023-10-17,42,ARTC-11_178.02_20m_2023-10-17,ARTC-11_178.02,0
ARTC-11,178.02,2023-11-27,null,2023-10-18,41,ARTC-11_178.02_20m_2023-10-18,ARTC-11_178.02,0
ARTC-11,178.02,2023-11-27,null,2023-10-19,40,ARTC-11_178.02_20m_2023-10-19,ARTC-11_178.02,0
ARTC-11,178.02,2023-11-27,null,2023-10-20,39,ARTC-11_178.02_20m_2023-10-20,ARTC-11_178.02,0
ARTC-11,178.02,2023-11-27,null,2023-10-21,38,ARTC-11_178.02_20m_2023-10-21,ARTC-11_178.02,0
ARTC-11,178.02,2023-11-27,null,2023-10-22,37,ARTC-11_178.02_20m_2023-10-22,ARTC-11_178.02,0
ARTC-11,178.02,2023-11-27,null,2023-10-23,36,ARTC-11_178.02_20m_2023-10-23,ARTC-11_178.02,0
ARTC-11,178.02,2023-11-27,null,2023-10-24,35,ARTC-11_178.02_20m_2023-10-24,ARTC-11_178.02,0
ARTC-11,178.02,2023-11-27,null,2023-10-25,34,ARTC-11_178.02_20m_2023-10-25,ARTC-11_178.02,0
ARTC-11,178.02,2023-11-27,null,2023-10-26,33,ARTC-11_178.02_20m_2023-10-26,ARTC-11_178.02,0
ARTC-11,178.02,2023-11-27,null,2023-10-27,32,ARTC-11_178.02_20m_2023-10-27,ARTC-11_178.02,0
ARTC-11,178.02,2023-11-27,null,2023-10-28,31,ARTC-11_178.02_20m_2023-10-28,ARTC-11_178.02,0
ARTC-11,178.02,2023-11-27,null,2023-10-29,30,ARTC-11_178.02_20m_2023-10-29,ARTC-11_178.02,0
ARTC-11,178.02,2023-11-27,null,2023-10-30,29,ARTC-11_178.02_20m_2023-10-30,ARTC-11_178.02,1
ARTC-11,178.02,2023-11-27,null,2023-10-31,28,ARTC-11_178.02_20m_2023-10-31,ARTC-11_178.02,1
ARTC-11,178.02,2023-11-27,null,2023-11-01,27,ARTC-11_178.02_20m_2023-11-01,ARTC-11_178.02,1
ARTC-11,178.02,2023-11-27,null,2023-11-02,26,ARTC-11_178.02_20m_2023-11-02,ARTC-11_178.02,1
ARTC-11,178.02,2023-11-27,null,2023-11-04,24,ARTC-11_178.02_20m_2023-11-04,ARTC-11_178.02,1
ARTC-11,178.02,2023-11-27,null,2023-11-07,21,ARTC-11_178.02_20m_2023-11-07,ARTC-11_178.02,1
ARTC-11,178.02,2023-11-27,null,2023-11-08,20,ARTC-11_178.02_20m_2023-11-08,ARTC-11_178.02,1
ARTC-11,178.02,2023-11-27,null,2023-11-09,19,ARTC-11_178.02_20m_2023-11-09,ARTC-11_178.02,1
ARTC-11,178.02,2023-11-27,null,2023-11-10,18,ARTC-11_178.02_20m_2023-11-10,ARTC-11_178.02,1
ARTC-11,178.02,2023-11-27,null,2023-11-11,17,ARTC-11_178.02_20m_2023-11-11,ARTC-11_178.02,1
ARTC-11,178.02,2023-11-27,null,2023-11-12,16,ARTC-11_178.02_20m_2023-11-12,ARTC-11_178.02,1
ARTC-11,178.02,2023-11-27,null,2023-11-13,15,ARTC-11_178.02_20m_2023-11-13,ARTC-11_178.02,1
ARTC-11,178.02,2023-11-27,null,2023-11-14,14,ARTC-11_178.02_20m_2023-11-14,ARTC-11_178.02,1
ARTC-11,178.02,2023-11-27,null,2023-11-15,13,ARTC-11_178.02_20m_2023-11-15,ARTC-11_178.02,1
ARTC-11,178.02,2023-11-27,null,2023-11-16,12,ARTC-11_178.02_20m_2023-11-16,ARTC-11_178.02,1
ARTC-11,178.02,2023-11-27,null,2023-11-17,11,ARTC-11_178.02_20m_2023-11-17,ARTC-11_178.02,1
ARTC-11,178.02,2023-11-27,null,2023-11-18,10,ARTC-11_178.02_20m_2023-11-18,ARTC-11_178.02,1
ARTC-11,178.02,2023-11-27,null,2023-11-19,9,ARTC-11_178.02_20m_2023-11-19,ARTC-11_178.02,1
ARTC-11,178.02,2023-11-27,null,2023-11-20,8,ARTC-11_178.02_20m_2023-11-20,ARTC-11_178.02,1
ARTC-11,178.02,2023-11-27,null,2023-11-21,7,ARTC-11_178.02_20m_2023-11-21,ARTC-11_178.02,1
ARTC-11,178.02,2023-11-27,null,2023-11-24,4,ARTC-11_178.02_20m_2023-11-24,ARTC-11_178.02,1
ARTC-11,178.02,2023-11-27,null,2023-11-25,3,ARTC-11_178.02_20m_2023-11-25,ARTC-11_178.02,1
ARTC-11,178.02,2023-11-27,null,2023-11-26,2,ARTC-11_178.02_20m_2023-11-26,ARTC-11_178.02,1
ARTC-11,178.02,2023-11-27,null,2023-11-27,1,ARTC-11_178.02_20m_2023-11-27,ARTC-11_178.02,1
ARTC-11,178.52,2023-07-17,null,2023-05-01,78,ARTC-11_178.52_20m_2023-05-01,ARTC-11_178.52,0
ARTC-11,178.52,2023-07-17,null,2023-05-03,76,ARTC-11_178.52_20m_2023-05-03,ARTC-11_178.52,0
ARTC-11,178.52,2023-07-17,null,2023-05-04,75,ARTC-11_178.52_20m_2023-05-04,ARTC-11_178.52,0
ARTC-11,178.52,2023-07-17,null,2023-05-05,74,ARTC-11_178.52_20m_2023-05-05,ARTC-11_178.52,0
ARTC-11,178.52,2023-07-17,null,2023-05-06,73,ARTC-11_178.52_20m_2023-05-06,ARTC-11_178.52,0
ARTC-11,178.52,2023-07-17,null,2023-05-07,72,ARTC-11_178.52_20m_2023-05-07,ARTC-11_178.52,0
ARTC-11,178.52,2023-07-17,null,2023-05-08,71,ARTC-11_178.52_20m_2023-05-08,ARTC-11_178.52,0
ARTC-11,178.52,2023-07-17,null,2023-05-10,69,ARTC-11_178.52_20m_2023-05-10,ARTC-11_178.52,0
ARTC-11,178.52,2023-07-17,null,2023-05-11,68,ARTC-11_178.52_20m_2023-05-11,ARTC-11_178.52,0
ARTC-11,178.52,2023-07-17,null,2023-05-12,67,ARTC-11_178.52_20m_2023-05-12,ARTC-11_178.52,0
ARTC-11,178.52,2023-07-17,null,2023-05-13,66,ARTC-11_178.52_20m_2023-05-13,ARTC-11_178.52,0
ARTC-11,178.52,2023-07-17,null,2023-05-14,65,ARTC-11_178.52_20m_2023-05-14,ARTC-11_178.52,0
ARTC-11,178.52,2023-07-17,null,2023-05-15,64,ARTC-11_178.52_20m_2023-05-15,ARTC-11_178.52,0
ARTC-11,178.52,2023-07-17,null,2023-05-16,63,ARTC-11_178.52_20m_2023-05-16,ARTC-11_178.52,0
ARTC-11,178.52,2023-07-17,null,2023-05-17,62,ARTC-11_178.52_20m_2023-05-17,ARTC-11_178.52,0
ARTC-11,178.52,2023-07-17,null,2023-05-18,61,ARTC-11_178.52_20m_2023-05-18,ARTC-11_178.52,0
ARTC-11,178.52,2023-07-17,null,2023-05-19,60,ARTC-11_178.52_20m_2023-05-19,ARTC-11_178.52,0
ARTC-11,178.52,2023-07-17,null,2023-05-20,59,ARTC-11_178.52_20m_2023-05-20,ARTC-11_178.52,0
ARTC-11,178.52,2023-07-17,null,2023-05-21,58,ARTC-11_178.52_20m_2023-05-21,ARTC-11_178.52,0
ARTC-11,178.52,2023-07-17,null,2023-05-22,57,ARTC-11_178.52_20m_2023-05-22,ARTC-11_178.52,0
ARTC-11,178.52,2023-07-17,null,2023-06-02,46,ARTC-11_178.52_20m_2023-06-02,ARTC-11_178.52,0
ARTC-11,178.52,2023-07-17,null,2023-06-03,45,ARTC-11_178.52_20m_2023-06-03,ARTC-11_178.52,0
ARTC-11,178.52,2023-07-17,null,2023-06-04,44,ARTC-11_178.52_20m_2023-06-04,ARTC-11_178.52,0
ARTC-11,178.52,2023-07-17,null,2023-06-05,43,ARTC-11_178.52_20m_2023-06-05,ARTC-11_178.52,0
ARTC-11,178.52,2023-07-17,null,2023-06-06,42,ARTC-11_178.52_20m_2023-06-06,ARTC-11_178.52,0
ARTC-11,178.52,2023-07-17,null,2023-06-07,41,ARTC-11_178.52_20m_2023-06-07,ARTC-11_178.52,0
ARTC-11,178.52,2023-07-17,null,2023-06-08,40,ARTC-11_178.52_20m_2023-06-08,ARTC-11_178.52,0
ARTC-11,178.52,2023-07-17,null,2023-06-09,39,ARTC-11_178.52_20m_2023-06-09,ARTC-11_178.52,0
ARTC-11,178.52,2023-07-17,null,2023-06-10,38,ARTC-11_178.52_20m_2023-06-10,ARTC-11_178.52,0
ARTC-11,178.52,2023-07-17,null,2023-06-11,37,ARTC-11_178.52_20m_2023-06-11,ARTC-11_178.52,0
ARTC-11,178.52,2023-07-17,null,2023-06-12,36,ARTC-11_178.52_20m_2023-06-12,ARTC-11_178.52,0
ARTC-11,178.52,2023-07-17,null,2023-06-13,35,ARTC-11_178.52_20m_2023-06-13,ARTC-11_178.52,0
ARTC-11,178.52,2023-07-17,null,2023-06-14,34,ARTC-11_178.52_20m_2023-06-14,ARTC-11_178.52,0
ARTC-11,178.52,2023-07-17,null,2023-06-15,33,ARTC-11_178.52_20m_2023-06-15,ARTC-11_178.52,0
ARTC-11,178.52,2023-07-17,null,2023-06-17,31,ARTC-11_178.52_20m_2023-06-17,ARTC-11_178.52,0
ARTC-11,178.52,2023-07-17,null,2023-06-18,30,ARTC-11_178.52_20m_2023-06-18,ARTC-11_178.52,0
ARTC-11,178.52,2023-07-17,null,2023-06-19,29,ARTC-11_178.52_20m_2023-06-19,ARTC-11_178.52,1
ARTC-11,178.52,2023-07-17,null,2023-06-20,28,ARTC-11_178.52_20m_2023-06-20,ARTC-11_178.52,1
ARTC-11,178.52,2023-07-17,null,2023-06-21,27,ARTC-11_178.52_20m_2023-06-21,ARTC-11_178.52,1
ARTC-11,178.52,2023-07-17,null,2023-06-22,26,ARTC-11_178.52_20m_2023-06-22,ARTC-11_178.52,1
ARTC-11,178.52,2023-07-17,null,2023-06-23,25,ARTC-11_178.52_20m_2023-06-23,ARTC-11_178.52,1
ARTC-11,178.52,2023-07-17,null,2023-06-24,24,ARTC-11_178.52_20m_2023-06-24,ARTC-11_178.52,1
ARTC-11,178.52,2023-07-17,null,2023-06-25,23,ARTC-11_178.52_20m_2023-06-25,ARTC-11_178.52,1
ARTC-11,178.52,2023-07-17,null,2023-06-26,22,ARTC-11_178.52_20m_2023-06-26,ARTC-11_178.52,1
ARTC-11,178.52,2023-07-17,null,2023-06-27,21,ARTC-11_178.52_20m_2023-06-27,ARTC-11_178.52,1
ARTC-11,178.52,2023-07-17,null,2023-06-28,20,ARTC-11_178.52_20m_2023-06-28,ARTC-11_178.52,1
ARTC-11,178.52,2023-07-17,null,2023-06-29,19,ARTC-11_178.52_20m_2023-06-29,ARTC-11_178.52,1
ARTC-11,178.52,2023-07-17,null,2023-06-30,18,ARTC-11_178.52_20m_2023-06-30,ARTC-11_178.52,1
ARTC-11,178.52,2023-07-17,null,2023-07-01,17,ARTC-11_178.52_20m_2023-07-01,ARTC-11_178.52,1
ARTC-11,178.52,2023-07-17,null,2023-07-02,16,ARTC-11_178.52_20m_2023-07-02,ARTC-11_178.52,1
ARTC-11,178.52,2023-07-17,null,2023-07-03,15,ARTC-11_178.52_20m_2023-07-03,ARTC-11_178.52,1
ARTC-11,178.52,2023-07-17,null,2023-07-04,14,ARTC-11_178.52_20m_2023-07-04,ARTC-11_178.52,1
ARTC-11,178.52,2023-07-17,null,2023-07-05,13,ARTC-11_178.52_20m_2023-07-05,ARTC-11_178.52,1
ARTC-11,178.52,2023-07-17,null,2023-07-06,12,ARTC-11_178.52_20m_2023-07-06,ARTC-11_178.52,1
ARTC-11,178.52,2023-07-17,null,2023-07-07,11,ARTC-11_178.52_20m_2023-07-07,ARTC-11_178.52,1
ARTC-11,178.52,2023-07-17,null,2023-07-09,9,ARTC-11_178.52_20m_2023-07-09,ARTC-11_178.52,1
ARTC-11,178.52,2023-07-17,null,2023-07-10,8,ARTC-11_178.52_20m_2023-07-10,ARTC-11_178.52,1
ARTC-11,178.52,2023-07-17,null,2023-07-11,7,ARTC-11_178.52_20m_2023-07-11,ARTC-11_178.52,1
ARTC-11,178.52,2023-07-17,null,2023-07-12,6,ARTC-11_178.52_20m_2023-07-12,ARTC-11_178.52,1
ARTC-11,178.52,2023-07-17,null,2023-07-13,5,ARTC-11_178.52_20m_2023-07-13,ARTC-11_178.52,1
ARTC-11,178.52,2023-07-17,null,2023-07-14,4,ARTC-11_178.52_20m_2023-07-14,ARTC-11_178.52,1
ARTC-11,178.52,2023-07-17,null,2023-07-15,3,ARTC-11_178.52_20m_2023-07-15,ARTC-11_178.52,1
ARTC-11,178.52,2023-07-17,null,2023-07-16,2,ARTC-11_178.52_20m_2023-07-16,ARTC-11_178.52,1
ARTC-11,178.52,2023-07-17,null,2023-07-17,1,ARTC-11_178.52_20m_2023-07-17,ARTC-11_178.52,1
ARTC-11,182.42,2023-07-25,2022-03-06,2023-05-01,86,ARTC-11_182.42_20m_2023-05-01,ARTC-11_182.42,0
ARTC-11,182.42,2023-07-25,2022-03-06,2023-05-03,84,ARTC-11_182.42_20m_2023-05-03,ARTC-11_182.42,0
ARTC-11,182.42,2023-07-25,2022-03-06,2023-05-04,83,ARTC-11_182.42_20m_2023-05-04,ARTC-11_182.42,0
ARTC-11,182.42,2023-07-25,2022-03-06,2023-05-05,82,ARTC-11_182.42_20m_2023-05-05,ARTC-11_182.42,0
ARTC-11,182.42,2023-07-25,2022-03-06,2023-05-06,81,ARTC-11_182.42_20m_2023-05-06,ARTC-11_182.42,0
ARTC-11,182.42,2023-07-25,2022-03-06,2023-05-07,80,ARTC-11_182.42_20m_2023-05-07,ARTC-11_182.42,0
ARTC-11,182.42,2023-07-25,2022-03-06,2023-05-08,79,ARTC-11_182.42_20m_2023-05-08,ARTC-11_182.42,0
ARTC-11,182.42,2023-07-25,2022-03-06,2023-05-10,77,ARTC-11_182.42_20m_2023-05-10,ARTC-11_182.42,0
ARTC-11,182.42,2023-07-25,2022-03-06,2023-05-11,76,ARTC-11_182.42_20m_2023-05-11,ARTC-11_182.42,0
ARTC-11,182.42,2023-07-25,2022-03-06,2023-05-12,75,ARTC-11_182.42_20m_2023-05-12,ARTC-11_182.42,0
ARTC-11,182.42,2023-07-25,2022-03-06,2023-05-13,74,ARTC-11_182.42_20m_2023-05-13,ARTC-11_182.42,0
ARTC-11,182.42,2023-07-25,2022-03-06,2023-05-14,73,ARTC-11_182.42_20m_2023-05-14,ARTC-11_182.42,0
ARTC-11,182.42,2023-07-25,2022-03-06,2023-05-15,72,ARTC-11_182.42_20m_2023-05-15,ARTC-11_182.42,0
ARTC-11,182.42,2023-07-25,2022-03-06,2023-05-16,71,ARTC-11_182.42_20m_2023-05-16,ARTC-11_182.42,0
ARTC-11,182.42,2023-07-25,2022-03-06,2023-05-17,70,ARTC-11_182.42_20m_2023-05-17,ARTC-11_182.42,0
ARTC-11,182.42,2023-07-25,2022-03-06,2023-05-18,69,ARTC-11_182.42_20m_2023-05-18,ARTC-11_182.42,0
ARTC-11,182.42,2023-07-25,2022-03-06,2023-05-19,68,ARTC-11_182.42_20m_2023-05-19,ARTC-11_182.42,0
ARTC-11,182.42,2023-07-25,2022-03-06,2023-05-20,67,ARTC-11_182.42_20m_2023-05-20,ARTC-11_182.42,0
ARTC-11,182.42,2023-07-25,2022-03-06,2023-05-21,66,ARTC-11_182.42_20m_2023-05-21,ARTC-11_182.42,0
ARTC-11,182.42,2023-07-25,2022-03-06,2023-05-22,65,ARTC-11_182.42_20m_2023-05-22,ARTC-11_182.42,0
ARTC-11,182.42,2023-07-25,2022-03-06,2023-06-02,54,ARTC-11_182.42_20m_2023-06-02,ARTC-11_182.42,0
ARTC-11,182.42,2023-07-25,2022-03-06,2023-06-03,53,ARTC-11_182.42_20m_2023-06-03,ARTC-11_182.42,0
ARTC-11,182.42,2023-07-25,2022-03-06,2023-06-04,52,ARTC-11_182.42_20m_2023-06-04,ARTC-11_182.42,0
ARTC-11,182.42,2023-07-25,2022-03-06,2023-06-05,51,ARTC-11_182.42_20m_2023-06-05,ARTC-11_182.42,0
ARTC-11,182.42,2023-07-25,2022-03-06,2023-06-06,50,ARTC-11_182.42_20m_2023-06-06,ARTC-11_182.42,0
ARTC-11,182.42,2023-07-25,2022-03-06,2023-06-07,49,ARTC-11_182.42_20m_2023-06-07,ARTC-11_182.42,0
ARTC-11,182.42,2023-07-25,2022-03-06,2023-06-08,48,ARTC-11_182.42_20m_2023-06-08,ARTC-11_182.42,0
ARTC-11,182.42,2023-07-25,2022-03-06,2023-06-09,47,ARTC-11_182.42_20m_2023-06-09,ARTC-11_182.42,0
ARTC-11,182.42,2023-07-25,2022-03-06,2023-06-10,46,ARTC-11_182.42_20m_2023-06-10,ARTC-11_182.42,0
ARTC-11,182.42,2023-07-25,2022-03-06,2023-06-11,45,ARTC-11_182.42_20m_2023-06-11,ARTC-11_182.42,0
ARTC-11,182.42,2023-07-25,2022-03-06,2023-06-12,44,ARTC-11_182.42_20m_2023-06-12,ARTC-11_182.42,0
ARTC-11,182.42,2023-07-25,2022-03-06,2023-06-13,43,ARTC-11_182.42_20m_2023-06-13,ARTC-11_182.42,0
ARTC-11,182.42,2023-07-25,2022-03-06,2023-06-14,42,ARTC-11_182.42_20m_2023-06-14,ARTC-11_182.42,0
ARTC-11,182.42,2023-07-25,2022-03-06,2023-06-15,41,ARTC-11_182.42_20m_2023-06-15,ARTC-11_182.42,0
ARTC-11,182.42,2023-07-25,2022-03-06,2023-06-17,39,ARTC-11_182.42_20m_2023-06-17,ARTC-11_182.42,0
ARTC-11,182.42,2023-07-25,2022-03-06,2023-06-18,38,ARTC-11_182.42_20m_2023-06-18,ARTC-11_182.42,0
ARTC-11,182.42,2023-07-25,2022-03-06,2023-06-19,37,ARTC-11_182.42_20m_2023-06-19,ARTC-11_182.42,0
ARTC-11,182.42,2023-07-25,2022-03-06,2023-06-20,36,ARTC-11_182.42_20m_2023-06-20,ARTC-11_182.42,0
ARTC-11,182.42,2023-07-25,2022-03-06,2023-06-21,35,ARTC-11_182.42_20m_2023-06-21,ARTC-11_182.42,0
ARTC-11,182.42,2023-07-25,2022-03-06,2023-06-22,34,ARTC-11_182.42_20m_2023-06-22,ARTC-11_182.42,0
ARTC-11,182.42,2023-07-25,2022-03-06,2023-06-23,33,ARTC-11_182.42_20m_2023-06-23,ARTC-11_182.42,0
ARTC-11,182.42,2023-07-25,2022-03-06,2023-06-24,32,ARTC-11_182.42_20m_2023-06-24,ARTC-11_182.42,0
ARTC-11,182.42,2023-07-25,2022-03-06,2023-06-25,31,ARTC-11_182.42_20m_2023-06-25,ARTC-11_182.42,0
ARTC-11,182.42,2023-07-25,2022-03-06,2023-06-26,30,ARTC-11_182.42_20m_2023-06-26,ARTC-11_182.42,0
ARTC-11,182.42,2023-07-25,2022-03-06,2023-06-27,29,ARTC-11_182.42_20m_2023-06-27,ARTC-11_182.42,1
ARTC-11,182.42,2023-07-25,2022-03-06,2023-06-28,28,ARTC-11_182.42_20m_2023-06-28,ARTC-11_182.42,1
ARTC-11,182.42,2023-07-25,2022-03-06,2023-06-29,27,ARTC-11_182.42_20m_2023-06-29,ARTC-11_182.42,1
ARTC-11,182.42,2023-07-25,2022-03-06,2023-06-30,26,ARTC-11_182.42_20m_2023-06-30,ARTC-11_182.42,1
ARTC-11,182.42,2023-07-25,2022-03-06,2023-07-01,25,ARTC-11_182.42_20m_2023-07-01,ARTC-11_182.42,1
ARTC-11,182.42,2023-07-25,2022-03-06,2023-07-02,24,ARTC-11_182.42_20m_2023-07-02,ARTC-11_182.42,1
ARTC-11,182.42,2023-07-25,2022-03-06,2023-07-03,23,ARTC-11_182.42_20m_2023-07-03,ARTC-11_182.42,1
ARTC-11,182.42,2023-07-25,2022-03-06,2023-07-04,22,ARTC-11_182.42_20m_2023-07-04,ARTC-11_182.42,1
ARTC-11,182.42,2023-07-25,2022-03-06,2023-07-05,21,ARTC-11_182.42_20m_2023-07-05,ARTC-11_182.42,1
ARTC-11,182.42,2023-07-25,2022-03-06,2023-07-06,20,ARTC-11_182.42_20m_2023-07-06,ARTC-11_182.42,1
ARTC-11,182.42,2023-07-25,2022-03-06,2023-07-07,19,ARTC-11_182.42_20m_2023-07-07,ARTC-11_182.42,1
ARTC-11,182.42,2023-07-25,2022-03-06,2023-07-09,17,ARTC-11_182.42_20m_2023-07-09,ARTC-11_182.42,1
ARTC-11,182.42,2023-07-25,2022-03-06,2023-07-10,16,ARTC-11_182.42_20m_2023-07-10,ARTC-11_182.42,1
ARTC-11,182.42,2023-07-25,2022-03-06,2023-07-11,15,ARTC-11_182.42_20m_2023-07-11,ARTC-11_182.42,1
ARTC-11,182.42,2023-07-25,2022-03-06,2023-07-12,14,ARTC-11_182.42_20m_2023-07-12,ARTC-11_182.42,1
ARTC-11,182.42,2023-07-25,2022-03-06,2023-07-13,13,ARTC-11_182.42_20m_2023-07-13,ARTC-11_182.42,1
ARTC-11,182.42,2023-07-25,2022-03-06,2023-07-14,12,ARTC-11_182.42_20m_2023-07-14,ARTC-11_182.42,1
ARTC-11,182.42,2023-07-25,2022-03-06,2023-07-15,11,ARTC-11_182.42_20m_2023-07-15,ARTC-11_182.42,1
ARTC-11,182.42,2023-07-25,2022-03-06,2023-07-16,10,ARTC-11_182.42_20m_2023-07-16,ARTC-11_182.42,1
ARTC-11,182.42,2023-07-25,2022-03-06,2023-07-17,9,ARTC-11_182.42_20m_2023-07-17,ARTC-11_182.42,1
ARTC-11,182.42,2023-07-25,2022-03-06,2023-07-18,8,ARTC-11_182.42_20m_2023-07-18,ARTC-11_182.42,1
ARTC-11,182.42,2023-07-25,2022-03-06,2023-07-19,7,ARTC-11_182.42_20m_2023-07-19,ARTC-11_182.42,1
ARTC-11,182.42,2023-07-25,2022-03-06,2023-07-20,6,ARTC-11_182.42_20m_2023-07-20,ARTC-11_182.42,1
ARTC-11,182.42,2023-07-25,2022-03-06,2023-07-21,5,ARTC-11_182.42_20m_2023-07-21,ARTC-11_182.42,1
ARTC-11,182.42,2023-07-25,2022-03-06,2023-07-22,4,ARTC-11_182.42_20m_2023-07-22,ARTC-11_182.42,1
ARTC-11,182.42,2023-07-25,2022-03-06,2023-07-23,3,ARTC-11_182.42_20m_2023-07-23,ARTC-11_182.42,1
ARTC-11,182.42,2023-07-25,2022-03-06,2023-07-24,2,ARTC-11_182.42_20m_2023-07-24,ARTC-11_182.42,1
ARTC-11,182.42,2023-07-25,2022-03-06,2023-07-25,1,ARTC-11_182.42_20m_2023-07-25,ARTC-11_182.42,1
ARTC-11,183.04,2023-08-14,2023-07-25,2023-07-26,20,ARTC-11_183.04_20m_2023-07-26,ARTC-11_183.04,1
ARTC-11,183.04,2023-08-14,2023-07-25,2023-07-27,19,ARTC-11_183.04_20m_2023-07-27,ARTC-11_183.04,1
ARTC-11,183.04,2023-08-14,2023-07-25,2023-07-28,18,ARTC-11_183.04_20m_2023-07-28,ARTC-11_183.04,1
ARTC-11,183.04,2023-08-14,2023-07-25,2023-07-29,17,ARTC-11_183.04_20m_2023-07-29,ARTC-11_183.04,1
ARTC-11,183.04,2023-08-14,2023-07-25,2023-07-30,16,ARTC-11_183.04_20m_2023-07-30,ARTC-11_183.04,1
ARTC-11,183.04,2023-08-14,2023-07-25,2023-07-31,15,ARTC-11_183.04_20m_2023-07-31,ARTC-11_183.04,1
ARTC-11,183.04,2023-08-14,2023-07-25,2023-08-01,14,ARTC-11_183.04_20m_2023-08-01,ARTC-11_183.04,1
ARTC-11,183.04,2023-08-14,2023-07-25,2023-08-02,13,ARTC-11_183.04_20m_2023-08-02,ARTC-11_183.04,1
ARTC-11,183.04,2023-08-14,2023-07-25,2023-08-03,12,ARTC-11_183.04_20m_2023-08-03,ARTC-11_183.04,1
ARTC-11,183.04,2023-08-14,2023-07-25,2023-08-04,11,ARTC-11_183.04_20m_2023-08-04,ARTC-11_183.04,1
ARTC-11,183.04,2023-08-14,2023-07-25,2023-08-08,7,ARTC-11_183.04_20m_2023-08-08,ARTC-11_183.04,1
ARTC-11,183.04,2023-08-14,2023-07-25,2023-08-09,6,ARTC-11_183.04_20m_2023-08-09,ARTC-11_183.04,1
ARTC-11,183.04,2023-08-14,2023-07-25,2023-08-10,5,ARTC-11_183.04_20m_2023-08-10,ARTC-11_183.04,1
ARTC-11,183.04,2023-08-14,2023-07-25,2023-08-11,4,ARTC-11_183.04_20m_2023-08-11,ARTC-11_183.04,1
ARTC-11,183.04,2023-08-14,2023-07-25,2023-08-12,3,ARTC-11_183.04_20m_2023-08-12,ARTC-11_183.04,1
ARTC-11,183.04,2023-08-14,2023-07-25,2023-08-13,2,ARTC-11_183.04_20m_2023-08-13,ARTC-11_183.04,1
ARTC-11,183.04,2023-08-14,2023-07-25,2023-08-14,1,ARTC-11_183.04_20m_2023-08-14,ARTC-11_183.04,1
ARTC-11,183.04,2023-07-25,null,2023-05-01,86,ARTC-11_183.04_20m_2023-05-01,ARTC-11_183.04,0
ARTC-11,183.04,2023-07-25,null,2023-05-03,84,ARTC-11_183.04_20m_2023-05-03,ARTC-11_183.04,0
ARTC-11,183.04,2023-07-25,null,2023-05-04,83,ARTC-11_183.04_20m_2023-05-04,ARTC-11_183.04,0
ARTC-11,183.04,2023-07-25,null,2023-05-05,82,ARTC-11_183.04_20m_2023-05-05,ARTC-11_183.04,0
ARTC-11,183.04,2023-07-25,null,2023-05-06,81,ARTC-11_183.04_20m_2023-05-06,ARTC-11_183.04,0
ARTC-11,183.04,2023-07-25,null,2023-05-07,80,ARTC-11_183.04_20m_2023-05-07,ARTC-11_183.04,0
ARTC-11,183.04,2023-07-25,null,2023-05-08,79,ARTC-11_183.04_20m_2023-05-08,ARTC-11_183.04,0
ARTC-11,183.04,2023-07-25,null,2023-05-10,77,ARTC-11_183.04_20m_2023-05-10,ARTC-11_183.04,0
ARTC-11,183.04,2023-07-25,null,2023-05-11,76,ARTC-11_183.04_20m_2023-05-11,ARTC-11_183.04,0
ARTC-11,183.04,2023-07-25,null,2023-05-12,75,ARTC-11_183.04_20m_2023-05-12,ARTC-11_183.04,0
ARTC-11,183.04,2023-07-25,null,2023-05-13,74,ARTC-11_183.04_20m_2023-05-13,ARTC-11_183.04,0
ARTC-11,183.04,2023-07-25,null,2023-05-14,73,ARTC-11_183.04_20m_2023-05-14,ARTC-11_183.04,0
ARTC-11,183.04,2023-07-25,null,2023-05-15,72,ARTC-11_183.04_20m_2023-05-15,ARTC-11_183.04,0
ARTC-11,183.04,2023-07-25,null,2023-05-16,71,ARTC-11_183.04_20m_2023-05-16,ARTC-11_183.04,0
ARTC-11,183.04,2023-07-25,null,2023-05-17,70,ARTC-11_183.04_20m_2023-05-17,ARTC-11_183.04,0
ARTC-11,183.04,2023-07-25,null,2023-05-18,69,ARTC-11_183.04_20m_2023-05-18,ARTC-11_183.04,0
ARTC-11,183.04,2023-07-25,null,2023-05-19,68,ARTC-11_183.04_20m_2023-05-19,ARTC-11_183.04,0
ARTC-11,183.04,2023-07-25,null,2023-05-20,67,ARTC-11_183.04_20m_2023-05-20,ARTC-11_183.04,0
ARTC-11,183.04,2023-07-25,null,2023-05-21,66,ARTC-11_183.04_20m_2023-05-21,ARTC-11_183.04,0
ARTC-11,183.04,2023-07-25,null,2023-05-22,65,ARTC-11_183.04_20m_2023-05-22,ARTC-11_183.04,0
ARTC-11,183.04,2023-07-25,null,2023-06-02,54,ARTC-11_183.04_20m_2023-06-02,ARTC-11_183.04,0
ARTC-11,183.04,2023-07-25,null,2023-06-03,53,ARTC-11_183.04_20m_2023-06-03,ARTC-11_183.04,0
ARTC-11,183.04,2023-07-25,null,2023-06-04,52,ARTC-11_183.04_20m_2023-06-04,ARTC-11_183.04,0
ARTC-11,183.04,2023-07-25,null,2023-06-05,51,ARTC-11_183.04_20m_2023-06-05,ARTC-11_183.04,0
ARTC-11,183.04,2023-07-25,null,2023-06-06,50,ARTC-11_183.04_20m_2023-06-06,ARTC-11_183.04,0
ARTC-11,183.04,2023-07-25,null,2023-06-07,49,ARTC-11_183.04_20m_2023-06-07,ARTC-11_183.04,0
ARTC-11,183.04,2023-07-25,null,2023-06-08,48,ARTC-11_183.04_20m_2023-06-08,ARTC-11_183.04,0
ARTC-11,183.04,2023-07-25,null,2023-06-09,47,ARTC-11_183.04_20m_2023-06-09,ARTC-11_183.04,0
ARTC-11,183.04,2023-07-25,null,2023-06-10,46,ARTC-11_183.04_20m_2023-06-10,ARTC-11_183.04,0
ARTC-11,183.04,2023-07-25,null,2023-06-11,45,ARTC-11_183.04_20m_2023-06-11,ARTC-11_183.04,0
ARTC-11,183.04,2023-07-25,null,2023-06-12,44,ARTC-11_183.04_20m_2023-06-12,ARTC-11_183.04,0
ARTC-11,183.04,2023-07-25,null,2023-06-13,43,ARTC-11_183.04_20m_2023-06-13,ARTC-11_183.04,0
ARTC-11,183.04,2023-07-25,null,2023-06-14,42,ARTC-11_183.04_20m_2023-06-14,ARTC-11_183.04,0
ARTC-11,183.04,2023-07-25,null,2023-06-15,41,ARTC-11_183.04_20m_2023-06-15,ARTC-11_183.04,0
ARTC-11,183.04,2023-07-25,null,2023-06-17,39,ARTC-11_183.04_20m_2023-06-17,ARTC-11_183.04,0
ARTC-11,183.04,2023-07-25,null,2023-06-18,38,ARTC-11_183.04_20m_2023-06-18,ARTC-11_183.04,0
ARTC-11,183.04,2023-07-25,null,2023-06-19,37,ARTC-11_183.04_20m_2023-06-19,ARTC-11_183.04,0
ARTC-11,183.04,2023-07-25,null,2023-06-20,36,ARTC-11_183.04_20m_2023-06-20,ARTC-11_183.04,0
ARTC-11,183.04,2023-07-25,null,2023-06-21,35,ARTC-11_183.04_20m_2023-06-21,ARTC-11_183.04,0
ARTC-11,183.04,2023-07-25,null,2023-06-22,34,ARTC-11_183.04_20m_2023-06-22,ARTC-11_183.04,0
ARTC-11,183.04,2023-07-25,null,2023-06-23,33,ARTC-11_183.04_20m_2023-06-23,ARTC-11_183.04,0
ARTC-11,183.04,2023-07-25,null,2023-06-24,32,ARTC-11_183.04_20m_2023-06-24,ARTC-11_183.04,0
ARTC-11,183.04,2023-07-25,null,2023-06-25,31,ARTC-11_183.04_20m_2023-06-25,ARTC-11_183.04,0
ARTC-11,183.04,2023-07-25,null,2023-06-26,30,ARTC-11_183.04_20m_2023-06-26,ARTC-11_183.04,0
ARTC-11,183.04,2023-07-25,null,2023-06-27,29,ARTC-11_183.04_20m_2023-06-27,ARTC-11_183.04,1
ARTC-11,183.04,2023-07-25,null,2023-06-28,28,ARTC-11_183.04_20m_2023-06-28,ARTC-11_183.04,1
ARTC-11,183.04,2023-07-25,null,2023-06-29,27,ARTC-11_183.04_20m_2023-06-29,ARTC-11_183.04,1
ARTC-11,183.04,2023-07-25,null,2023-06-30,26,ARTC-11_183.04_20m_2023-06-30,ARTC-11_183.04,1
ARTC-11,183.04,2023-07-25,null,2023-07-01,25,ARTC-11_183.04_20m_2023-07-01,ARTC-11_183.04,1
ARTC-11,183.04,2023-07-25,null,2023-07-02,24,ARTC-11_183.04_20m_2023-07-02,ARTC-11_183.04,1
ARTC-11,183.04,2023-07-25,null,2023-07-03,23,ARTC-11_183.04_20m_2023-07-03,ARTC-11_183.04,1
ARTC-11,183.04,2023-07-25,null,2023-07-04,22,ARTC-11_183.04_20m_2023-07-04,ARTC-11_183.04,1
ARTC-11,183.04,2023-07-25,null,2023-07-05,21,ARTC-11_183.04_20m_2023-07-05,ARTC-11_183.04,1
ARTC-11,183.04,2023-07-25,null,2023-07-06,20,ARTC-11_183.04_20m_2023-07-06,ARTC-11_183.04,1
ARTC-11,183.04,2023-07-25,null,2023-07-07,19,ARTC-11_183.04_20m_2023-07-07,ARTC-11_183.04,1
ARTC-11,183.04,2023-07-25,null,2023-07-09,17,ARTC-11_183.04_20m_2023-07-09,ARTC-11_183.04,1
ARTC-11,183.04,2023-07-25,null,2023-07-10,16,ARTC-11_183.04_20m_2023-07-10,ARTC-11_183.04,1
ARTC-11,183.04,2023-07-25,null,2023-07-11,15,ARTC-11_183.04_20m_2023-07-11,ARTC-11_183.04,1
ARTC-11,183.04,2023-07-25,null,2023-07-12,14,ARTC-11_183.04_20m_2023-07-12,ARTC-11_183.04,1
ARTC-11,183.04,2023-07-25,null,2023-07-13,13,ARTC-11_183.04_20m_2023-07-13,ARTC-11_183.04,1
ARTC-11,183.04,2023-07-25,null,2023-07-14,12,ARTC-11_183.04_20m_2023-07-14,ARTC-11_183.04,1
ARTC-11,183.04,2023-07-25,null,2023-07-15,11,ARTC-11_183.04_20m_2023-07-15,ARTC-11_183.04,1
ARTC-11,183.04,2023-07-25,null,2023-07-16,10,ARTC-11_183.04_20m_2023-07-16,ARTC-11_183.04,1
ARTC-11,183.04,2023-07-25,null,2023-07-17,9,ARTC-11_183.04_20m_2023-07-17,ARTC-11_183.04,1
ARTC-11,183.04,2023-07-25,null,2023-07-18,8,ARTC-11_183.04_20m_2023-07-18,ARTC-11_183.04,1
ARTC-11,183.04,2023-07-25,null,2023-07-19,7,ARTC-11_183.04_20m_2023-07-19,ARTC-11_183.04,1
ARTC-11,183.04,2023-07-25,null,2023-07-20,6,ARTC-11_183.04_20m_2023-07-20,ARTC-11_183.04,1
ARTC-11,183.04,2023-07-25,null,2023-07-21,5,ARTC-11_183.04_20m_2023-07-21,ARTC-11_183.04,1
ARTC-11,183.04,2023-07-25,null,2023-07-22,4,ARTC-11_183.04_20m_2023-07-22,ARTC-11_183.04,1
ARTC-11,183.04,2023-07-25,null,2023-07-23,3,ARTC-11_183.04_20m_2023-07-23,ARTC-11_183.04,1
ARTC-11,183.04,2023-07-25,null,2023-07-24,2,ARTC-11_183.04_20m_2023-07-24,ARTC-11_183.04,1
ARTC-11,183.04,2023-07-25,null,2023-07-25,1,ARTC-11_183.04_20m_2023-07-25,ARTC-11_183.04,1
ARTC-12,215.7,2023-07-28,null,2023-05-01,89,ARTC-12_215.7_20m_2023-05-01,ARTC-12_215.7,0
ARTC-12,215.7,2023-07-28,null,2023-05-03,87,ARTC-12_215.7_20m_2023-05-03,ARTC-12_215.7,0
ARTC-12,215.7,2023-07-28,null,2023-05-04,86,ARTC-12_215.7_20m_2023-05-04,ARTC-12_215.7,0
ARTC-12,215.7,2023-07-28,null,2023-05-05,85,ARTC-12_215.7_20m_2023-05-05,ARTC-12_215.7,0
ARTC-12,215.7,2023-07-28,null,2023-05-06,84,ARTC-12_215.7_20m_2023-05-06,ARTC-12_215.7,0
ARTC-12,215.7,2023-07-28,null,2023-05-07,83,ARTC-12_215.7_20m_2023-05-07,ARTC-12_215.7,0
ARTC-12,215.7,2023-07-28,null,2023-05-08,82,ARTC-12_215.7_20m_2023-05-08,ARTC-12_215.7,0
ARTC-12,215.7,2023-07-28,null,2023-05-10,80,ARTC-12_215.7_20m_2023-05-10,ARTC-12_215.7,0
ARTC-12,215.7,2023-07-28,null,2023-05-11,79,ARTC-12_215.7_20m_2023-05-11,ARTC-12_215.7,0
ARTC-12,215.7,2023-07-28,null,2023-05-12,78,ARTC-12_215.7_20m_2023-05-12,ARTC-12_215.7,0
ARTC-12,215.7,2023-07-28,null,2023-05-13,77,ARTC-12_215.7_20m_2023-05-13,ARTC-12_215.7,0
ARTC-12,215.7,2023-07-28,null,2023-05-14,76,ARTC-12_215.7_20m_2023-05-14,ARTC-12_215.7,0
ARTC-12,215.7,2023-07-28,null,2023-05-15,75,ARTC-12_215.7_20m_2023-05-15,ARTC-12_215.7,0
ARTC-12,215.7,2023-07-28,null,2023-05-16,74,ARTC-12_215.7_20m_2023-05-16,ARTC-12_215.7,0
ARTC-12,215.7,2023-07-28,null,2023-05-17,73,ARTC-12_215.7_20m_2023-05-17,ARTC-12_215.7,0
ARTC-12,215.7,2023-07-28,null,2023-05-18,72,ARTC-12_215.7_20m_2023-05-18,ARTC-12_215.7,0
ARTC-12,215.7,2023-07-28,null,2023-05-19,71,ARTC-12_215.7_20m_2023-05-19,ARTC-12_215.7,0
ARTC-12,215.7,2023-07-28,null,2023-05-20,70,ARTC-12_215.7_20m_2023-05-20,ARTC-12_215.7,0
ARTC-12,215.7,2023-07-28,null,2023-05-21,69,ARTC-12_215.7_20m_2023-05-21,ARTC-12_215.7,0
ARTC-12,215.7,2023-07-28,null,2023-05-22,68,ARTC-12_215.7_20m_2023-05-22,ARTC-12_215.7,0
ARTC-12,215.7,2023-07-28,null,2023-06-02,57,ARTC-12_215.7_20m_2023-06-02,ARTC-12_215.7,0
ARTC-12,215.7,2023-07-28,null,2023-06-03,56,ARTC-12_215.7_20m_2023-06-03,ARTC-12_215.7,0
ARTC-12,215.7,2023-07-28,null,2023-06-04,55,ARTC-12_215.7_20m_2023-06-04,ARTC-12_215.7,0
ARTC-12,215.7,2023-07-28,null,2023-06-05,54,ARTC-12_215.7_20m_2023-06-05,ARTC-12_215.7,0
ARTC-12,215.7,2023-07-28,null,2023-06-06,53,ARTC-12_215.7_20m_2023-06-06,ARTC-12_215.7,0
ARTC-12,215.7,2023-07-28,null,2023-06-07,52,ARTC-12_215.7_20m_2023-06-07,ARTC-12_215.7,0
ARTC-12,215.7,2023-07-28,null,2023-06-08,51,ARTC-12_215.7_20m_2023-06-08,ARTC-12_215.7,0
ARTC-12,215.7,2023-07-28,null,2023-06-09,50,ARTC-12_215.7_20m_2023-06-09,ARTC-12_215.7,0
ARTC-12,215.7,2023-07-28,null,2023-06-10,49,ARTC-12_215.7_20m_2023-06-10,ARTC-12_215.7,0
ARTC-12,215.7,2023-07-28,null,2023-06-11,48,ARTC-12_215.7_20m_2023-06-11,ARTC-12_215.7,0
ARTC-12,215.7,2023-07-28,null,2023-06-12,47,ARTC-12_215.7_20m_2023-06-12,ARTC-12_215.7,0
ARTC-12,215.7,2023-07-28,null,2023-06-13,46,ARTC-12_215.7_20m_2023-06-13,ARTC-12_215.7,0
ARTC-12,215.7,2023-07-28,null,2023-06-14,45,ARTC-12_215.7_20m_2023-06-14,ARTC-12_215.7,0
ARTC-12,215.7,2023-07-28,null,2023-06-15,44,ARTC-12_215.7_20m_2023-06-15,ARTC-12_215.7,0
ARTC-12,215.7,2023-07-28,null,2023-06-16,43,ARTC-12_215.7_20m_2023-06-16,ARTC-12_215.7,0
ARTC-12,215.7,2023-07-28,null,2023-06-17,42,ARTC-12_215.7_20m_2023-06-17,ARTC-12_215.7,0
ARTC-12,215.7,2023-07-28,null,2023-06-18,41,ARTC-12_215.7_20m_2023-06-18,ARTC-12_215.7,0
ARTC-12,215.7,2023-07-28,null,2023-06-19,40,ARTC-12_215.7_20m_2023-06-19,ARTC-12_215.7,0
ARTC-12,215.7,2023-07-28,null,2023-06-20,39,ARTC-12_215.7_20m_2023-06-20,ARTC-12_215.7,0
ARTC-12,215.7,2023-07-28,null,2023-06-21,38,ARTC-12_215.7_20m_2023-06-21,ARTC-12_215.7,0
ARTC-12,215.7,2023-07-28,null,2023-06-22,37,ARTC-12_215.7_20m_2023-06-22,ARTC-12_215.7,0
ARTC-12,215.7,2023-07-28,null,2023-06-23,36,ARTC-12_215.7_20m_2023-06-23,ARTC-12_215.7,0
ARTC-12,215.7,2023-07-28,null,2023-06-24,35,ARTC-12_215.7_20m_2023-06-24,ARTC-12_215.7,0
ARTC-12,215.7,2023-07-28,null,2023-06-25,34,ARTC-12_215.7_20m_2023-06-25,ARTC-12_215.7,0
ARTC-12,215.7,2023-07-28,null,2023-06-26,33,ARTC-12_215.7_20m_2023-06-26,ARTC-12_215.7,0
ARTC-12,215.7,2023-07-28,null,2023-06-27,32,ARTC-12_215.7_20m_2023-06-27,ARTC-12_215.7,0
ARTC-12,215.7,2023-07-28,null,2023-06-28,31,ARTC-12_215.7_20m_2023-06-28,ARTC-12_215.7,0
ARTC-12,215.7,2023-07-28,null,2023-06-29,30,ARTC-12_215.7_20m_2023-06-29,ARTC-12_215.7,0
ARTC-12,215.7,2023-07-28,null,2023-06-30,29,ARTC-12_215.7_20m_2023-06-30,ARTC-12_215.7,1
ARTC-12,215.7,2023-07-28,null,2023-07-01,28,ARTC-12_215.7_20m_2023-07-01,ARTC-12_215.7,1
ARTC-12,215.7,2023-07-28,null,2023-07-02,27,ARTC-12_215.7_20m_2023-07-02,ARTC-12_215.7,1
ARTC-12,215.7,2023-07-28,null,2023-07-03,26,ARTC-12_215.7_20m_2023-07-03,ARTC-12_215.7,1
ARTC-12,215.7,2023-07-28,null,2023-07-04,25,ARTC-12_215.7_20m_2023-07-04,ARTC-12_215.7,1
ARTC-12,215.7,2023-07-28,null,2023-07-05,24,ARTC-12_215.7_20m_2023-07-05,ARTC-12_215.7,1
ARTC-12,215.7,2023-07-28,null,2023-07-06,23,ARTC-12_215.7_20m_2023-07-06,ARTC-12_215.7,1
ARTC-12,215.7,2023-07-28,null,2023-07-07,22,ARTC-12_215.7_20m_2023-07-07,ARTC-12_215.7,1
ARTC-12,215.7,2023-07-28,null,2023-07-09,20,ARTC-12_215.7_20m_2023-07-09,ARTC-12_215.7,1
ARTC-12,215.7,2023-07-28,null,2023-07-10,19,ARTC-12_215.7_20m_2023-07-10,ARTC-12_215.7,1
ARTC-12,215.7,2023-07-28,null,2023-07-11,18,ARTC-12_215.7_20m_2023-07-11,ARTC-12_215.7,1
ARTC-12,215.7,2023-07-28,null,2023-07-12,17,ARTC-12_215.7_20m_2023-07-12,ARTC-12_215.7,1
ARTC-12,215.7,2023-07-28,null,2023-07-13,16,ARTC-12_215.7_20m_2023-07-13,ARTC-12_215.7,1
ARTC-12,215.7,2023-07-28,null,2023-07-14,15,ARTC-12_215.7_20m_2023-07-14,ARTC-12_215.7,1
ARTC-12,215.7,2023-07-28,null,2023-07-15,14,ARTC-12_215.7_20m_2023-07-15,ARTC-12_215.7,1
ARTC-12,215.7,2023-07-28,null,2023-07-16,13,ARTC-12_215.7_20m_2023-07-16,ARTC-12_215.7,1
ARTC-12,215.7,2023-07-28,null,2023-07-17,12,ARTC-12_215.7_20m_2023-07-17,ARTC-12_215.7,1
ARTC-12,215.7,2023-07-28,null,2023-07-18,11,ARTC-12_215.7_20m_2023-07-18,ARTC-12_215.7,1
ARTC-12,215.7,2023-07-28,null,2023-07-19,10,ARTC-12_215.7_20m_2023-07-19,ARTC-12_215.7,1
ARTC-12,215.7,2023-07-28,null,2023-07-20,9,ARTC-12_215.7_20m_2023-07-20,ARTC-12_215.7,1
ARTC-12,215.7,2023-07-28,null,2023-07-21,8,ARTC-12_215.7_20m_2023-07-21,ARTC-12_215.7,1
ARTC-12,215.7,2023-07-28,null,2023-07-22,7,ARTC-12_215.7_20m_2023-07-22,ARTC-12_215.7,1
ARTC-12,215.7,2023-07-28,null,2023-07-23,6,ARTC-12_215.7_20m_2023-07-23,ARTC-12_215.7,1
ARTC-12,215.7,2023-07-28,null,2023-07-24,5,ARTC-12_215.7_20m_2023-07-24,ARTC-12_215.7,1
ARTC-12,215.7,2023-07-28,null,2023-07-25,4,ARTC-12_215.7_20m_2023-07-25,ARTC-12_215.7,1
ARTC-12,215.7,2023-07-28,null,2023-07-26,3,ARTC-12_215.7_20m_2023-07-26,ARTC-12_215.7,1
ARTC-12,215.7,2023-07-28,null,2023-07-27,2,ARTC-12_215.7_20m_2023-07-27,ARTC-12_215.7,1
ARTC-12,215.7,2023-07-28,null,2023-07-28,1,ARTC-12_215.7_20m_2023-07-28,ARTC-12_215.7,1
ARTC-12,216.3,2023-05-19,2012-10-05,2023-05-01,19,ARTC-12_216.3_20m_2023-05-01,ARTC-12_216.3,1
ARTC-12,216.3,2023-05-19,2012-10-05,2023-05-03,17,ARTC-12_216.3_20m_2023-05-03,ARTC-12_216.3,1
ARTC-12,216.3,2023-05-19,2012-10-05,2023-05-04,16,ARTC-12_216.3_20m_2023-05-04,ARTC-12_216.3,1
ARTC-12,216.3,2023-05-19,2012-10-05,2023-05-05,15,ARTC-12_216.3_20m_2023-05-05,ARTC-12_216.3,1
ARTC-12,216.3,2023-05-19,2012-10-05,2023-05-06,14,ARTC-12_216.3_20m_2023-05-06,ARTC-12_216.3,1
ARTC-12,216.3,2023-05-19,2012-10-05,2023-05-07,13,ARTC-12_216.3_20m_2023-05-07,ARTC-12_216.3,1
ARTC-12,216.3,2023-05-19,2012-10-05,2023-05-08,12,ARTC-12_216.3_20m_2023-05-08,ARTC-12_216.3,1
ARTC-12,216.3,2023-05-19,2012-10-05,2023-05-10,10,ARTC-12_216.3_20m_2023-05-10,ARTC-12_216.3,1
ARTC-12,216.3,2023-05-19,2012-10-05,2023-05-11,9,ARTC-12_216.3_20m_2023-05-11,ARTC-12_216.3,1
ARTC-12,216.3,2023-05-19,2012-10-05,2023-05-12,8,ARTC-12_216.3_20m_2023-05-12,ARTC-12_216.3,1
ARTC-12,216.3,2023-05-19,2012-10-05,2023-05-13,7,ARTC-12_216.3_20m_2023-05-13,ARTC-12_216.3,1
ARTC-12,216.3,2023-05-19,2012-10-05,2023-05-14,6,ARTC-12_216.3_20m_2023-05-14,ARTC-12_216.3,1
ARTC-12,216.3,2023-05-19,2012-10-05,2023-05-15,5,ARTC-12_216.3_20m_2023-05-15,ARTC-12_216.3,1
ARTC-12,216.3,2023-05-19,2012-10-05,2023-05-16,4,ARTC-12_216.3_20m_2023-05-16,ARTC-12_216.3,1
ARTC-12,216.3,2023-05-19,2012-10-05,2023-05-17,3,ARTC-12_216.3_20m_2023-05-17,ARTC-12_216.3,1
ARTC-12,216.3,2023-05-19,2012-10-05,2023-05-18,2,ARTC-12_216.3_20m_2023-05-18,ARTC-12_216.3,1
ARTC-12,216.3,2023-05-19,2012-10-05,2023-05-19,1,ARTC-12_216.3_20m_2023-05-19,ARTC-12_216.3,1
ARTC-12,239.08,2023-11-10,null,2023-07-22,112,ARTC-12_239.08_20m_2023-07-22,ARTC-12_239.08,0
ARTC-12,239.08,2023-11-10,null,2023-07-23,111,ARTC-12_239.08_20m_2023-07-23,ARTC-12_239.08,0
ARTC-12,239.08,2023-11-10,null,2023-07-24,110,ARTC-12_239.08_20m_2023-07-24,ARTC-12_239.08,0
ARTC-12,239.08,2023-11-10,null,2023-07-25,109,ARTC-12_239.08_20m_2023-07-25,ARTC-12_239.08,0
ARTC-12,239.08,2023-11-10,null,2023-07-26,108,ARTC-12_239.08_20m_2023-07-26,ARTC-12_239.08,0
ARTC-12,239.08,2023-11-10,null,2023-07-27,107,ARTC-12_239.08_20m_2023-07-27,ARTC-12_239.08,0
ARTC-12,239.08,2023-11-10,null,2023-07-28,106,ARTC-12_239.08_20m_2023-07-28,ARTC-12_239.08,0
ARTC-12,239.08,2023-11-10,null,2023-07-29,105,ARTC-12_239.08_20m_2023-07-29,ARTC-12_239.08,0
ARTC-12,239.08,2023-11-10,null,2023-07-30,104,ARTC-12_239.08_20m_2023-07-30,ARTC-12_239.08,0
ARTC-12,239.08,2023-11-10,null,2023-07-31,103,ARTC-12_239.08_20m_2023-07-31,ARTC-12_239.08,0
ARTC-12,239.08,2023-11-10,null,2023-08-01,102,ARTC-12_239.08_20m_2023-08-01,ARTC-12_239.08,0
ARTC-12,239.08,2023-11-10,null,2023-08-02,101,ARTC-12_239.08_20m_2023-08-02,ARTC-12_239.08,0
ARTC-12,239.08,2023-11-10,null,2023-08-03,100,ARTC-12_239.08_20m_2023-08-03,ARTC-12_239.08,0
ARTC-12,239.08,2023-11-10,null,2023-08-04,99,ARTC-12_239.08_20m_2023-08-04,ARTC-12_239.08,0
ARTC-12,239.08,2023-11-10,null,2023-08-08,95,ARTC-12_239.08_20m_2023-08-08,ARTC-12_239.08,0
ARTC-12,239.08,2023-11-10,null,2023-08-09,94,ARTC-12_239.08_20m_2023-08-09,ARTC-12_239.08,0
ARTC-12,239.08,2023-11-10,null,2023-08-10,93,ARTC-12_239.08_20m_2023-08-10,ARTC-12_239.08,0
ARTC-12,239.08,2023-11-10,null,2023-08-11,92,ARTC-12_239.08_20m_2023-08-11,ARTC-12_239.08,0
ARTC-12,239.08,2023-11-10,null,2023-08-12,91,ARTC-12_239.08_20m_2023-08-12,ARTC-12_239.08,0
ARTC-12,239.08,2023-11-10,null,2023-08-13,90,ARTC-12_239.08_20m_2023-08-13,ARTC-12_239.08,0
ARTC-12,239.08,2023-11-10,null,2023-08-14,89,ARTC-12_239.08_20m_2023-08-14,ARTC-12_239.08,0
ARTC-12,239.08,2023-11-10,null,2023-08-15,88,ARTC-12_239.08_20m_2023-08-15,ARTC-12_239.08,0
ARTC-12,239.08,2023-11-10,null,2023-08-16,87,ARTC-12_239.08_20m_2023-08-16,ARTC-12_239.08,0
ARTC-12,239.08,2023-11-10,null,2023-08-17,86,ARTC-12_239.08_20m_2023-08-17,ARTC-12_239.08,0
ARTC-12,239.08,2023-11-10,null,2023-08-18,85,ARTC-12_239.08_20m_2023-08-18,ARTC-12_239.08,0
ARTC-12,239.08,2023-11-10,null,2023-08-19,84,ARTC-12_239.08_20m_2023-08-19,ARTC-12_239.08,0
ARTC-12,239.08,2023-11-10,null,2023-08-20,83,ARTC-12_239.08_20m_2023-08-20,ARTC-12_239.08,0
ARTC-12,239.08,2023-11-10,null,2023-08-21,82,ARTC-12_239.08_20m_2023-08-21,ARTC-12_239.08,0
ARTC-12,239.08,2023-11-10,null,2023-08-22,81,ARTC-12_239.08_20m_2023-08-22,ARTC-12_239.08,0
ARTC-12,239.08,2023-11-10,null,2023-08-23,80,ARTC-12_239.08_20m_2023-08-23,ARTC-12_239.08,0
ARTC-12,239.08,2023-11-10,null,2023-08-24,79,ARTC-12_239.08_20m_2023-08-24,ARTC-12_239.08,0
ARTC-12,239.08,2023-11-10,null,2023-08-25,78,ARTC-12_239.08_20m_2023-08-25,ARTC-12_239.08,0
ARTC-12,239.08,2023-11-10,null,2023-08-26,77,ARTC-12_239.08_20m_2023-08-26,ARTC-12_239.08,0
ARTC-12,239.08,2023-11-10,null,2023-08-27,76,ARTC-12_239.08_20m_2023-08-27,ARTC-12_239.08,0
ARTC-12,239.08,2023-11-10,null,2023-08-28,75,ARTC-12_239.08_20m_2023-08-28,ARTC-12_239.08,0
ARTC-12,239.08,2023-11-10,null,2023-08-29,74,ARTC-12_239.08_20m_2023-08-29,ARTC-12_239.08,0
ARTC-12,239.08,2023-11-10,null,2023-08-30,73,ARTC-12_239.08_20m_2023-08-30,ARTC-12_239.08,0
ARTC-12,239.08,2023-11-10,null,2023-08-31,72,ARTC-12_239.08_20m_2023-08-31,ARTC-12_239.08,0
ARTC-12,239.08,2023-11-10,null,2023-09-01,71,ARTC-12_239.08_20m_2023-09-01,ARTC-12_239.08,0
ARTC-12,239.08,2023-11-10,null,2023-09-02,70,ARTC-12_239.08_20m_2023-09-02,ARTC-12_239.08,0
ARTC-12,239.08,2023-11-10,null,2023-09-03,69,ARTC-12_239.08_20m_2023-09-03,ARTC-12_239.08,0
ARTC-12,239.08,2023-11-10,null,2023-09-04,68,ARTC-12_239.08_20m_2023-09-04,ARTC-12_239.08,0
ARTC-12,239.08,2023-11-10,null,2023-09-05,67,ARTC-12_239.08_20m_2023-09-05,ARTC-12_239.08,0
ARTC-12,239.08,2023-11-10,null,2023-09-06,66,ARTC-12_239.08_20m_2023-09-06,ARTC-12_239.08,0
ARTC-12,239.08,2023-11-10,null,2023-09-07,65,ARTC-12_239.08_20m_2023-09-07,ARTC-12_239.08,0
ARTC-12,239.08,2023-11-10,null,2023-09-08,64,ARTC-12_239.08_20m_2023-09-08,ARTC-12_239.08,0
ARTC-12,239.08,2023-11-10,null,2023-09-09,63,ARTC-12_239.08_20m_2023-09-09,ARTC-12_239.08,0
ARTC-12,239.08,2023-11-10,null,2023-09-10,62,ARTC-12_239.08_20m_2023-09-10,ARTC-12_239.08,0
ARTC-12,239.08,2023-11-10,null,2023-09-11,61,ARTC-12_239.08_20m_2023-09-11,ARTC-12_239.08,0
ARTC-12,239.08,2023-11-10,null,2023-09-12,60,ARTC-12_239.08_20m_2023-09-12,ARTC-12_239.08,0
ARTC-12,239.08,2023-11-10,null,2023-09-13,59,ARTC-12_239.08_20m_2023-09-13,ARTC-12_239.08,0
ARTC-12,239.08,2023-11-10,null,2023-09-14,58,ARTC-12_239.08_20m_2023-09-14,ARTC-12_239.08,0
ARTC-12,239.08,2023-11-10,null,2023-09-15,57,ARTC-12_239.08_20m_2023-09-15,ARTC-12_239.08,0
ARTC-12,239.08,2023-11-10,null,2023-09-16,56,ARTC-12_239.08_20m_2023-09-16,ARTC-12_239.08,0
ARTC-12,239.08,2023-11-10,null,2023-09-17,55,ARTC-12_239.08_20m_2023-09-17,ARTC-12_239.08,0
ARTC-12,239.08,2023-11-10,null,2023-09-18,54,ARTC-12_239.08_20m_2023-09-18,ARTC-12_239.08,0
ARTC-12,239.08,2023-11-10,null,2023-09-19,53,ARTC-12_239.08_20m_2023-09-19,ARTC-12_239.08,0
ARTC-12,239.08,2023-11-10,null,2023-09-20,52,ARTC-12_239.08_20m_2023-09-20,ARTC-12_239.08,0
ARTC-12,239.08,2023-11-10,null,2023-09-21,51,ARTC-12_239.08_20m_2023-09-21,ARTC-12_239.08,0
ARTC-12,239.08,2023-11-10,null,2023-09-22,50,ARTC-12_239.08_20m_2023-09-22,ARTC-12_239.08,0
ARTC-12,239.08,2023-11-10,null,2023-09-23,49,ARTC-12_239.08_20m_2023-09-23,ARTC-12_239.08,0
ARTC-12,239.08,2023-11-10,null,2023-09-24,48,ARTC-12_239.08_20m_2023-09-24,ARTC-12_239.08,0
ARTC-12,239.08,2023-11-10,null,2023-09-25,47,ARTC-12_239.08_20m_2023-09-25,ARTC-12_239.08,0
ARTC-12,239.08,2023-11-10,null,2023-09-27,45,ARTC-12_239.08_20m_2023-09-27,ARTC-12_239.08,0
ARTC-12,239.08,2023-11-10,null,2023-09-28,44,ARTC-12_239.08_20m_2023-09-28,ARTC-12_239.08,0
ARTC-12,239.08,2023-11-10,null,2023-09-29,43,ARTC-12_239.08_20m_2023-09-29,ARTC-12_239.08,0
ARTC-12,239.08,2023-11-10,null,2023-09-30,42,ARTC-12_239.08_20m_2023-09-30,ARTC-12_239.08,0
ARTC-12,239.08,2023-11-10,null,2023-10-01,41,ARTC-12_239.08_20m_2023-10-01,ARTC-12_239.08,0
ARTC-12,239.08,2023-11-10,null,2023-10-02,40,ARTC-12_239.08_20m_2023-10-02,ARTC-12_239.08,0
ARTC-12,239.08,2023-11-10,null,2023-10-03,39,ARTC-12_239.08_20m_2023-10-03,ARTC-12_239.08,0
ARTC-12,239.08,2023-11-10,null,2023-10-07,35,ARTC-12_239.08_20m_2023-10-07,ARTC-12_239.08,0
ARTC-12,239.08,2023-11-10,null,2023-10-08,34,ARTC-12_239.08_20m_2023-10-08,ARTC-12_239.08,0
ARTC-12,239.08,2023-11-10,null,2023-10-09,33,ARTC-12_239.08_20m_2023-10-09,ARTC-12_239.08,0
ARTC-12,239.08,2023-11-10,null,2023-10-10,32,ARTC-12_239.08_20m_2023-10-10,ARTC-12_239.08,0
ARTC-12,239.08,2023-11-10,null,2023-10-11,31,ARTC-12_239.08_20m_2023-10-11,ARTC-12_239.08,0
ARTC-12,239.08,2023-11-10,null,2023-10-12,30,ARTC-12_239.08_20m_2023-10-12,ARTC-12_239.08,0
ARTC-12,239.08,2023-11-10,null,2023-10-13,29,ARTC-12_239.08_20m_2023-10-13,ARTC-12_239.08,1
ARTC-12,239.08,2023-11-10,null,2023-10-14,28,ARTC-12_239.08_20m_2023-10-14,ARTC-12_239.08,1
ARTC-12,239.08,2023-11-10,null,2023-10-15,27,ARTC-12_239.08_20m_2023-10-15,ARTC-12_239.08,1
ARTC-12,239.08,2023-11-10,null,2023-10-16,26,ARTC-12_239.08_20m_2023-10-16,ARTC-12_239.08,1
ARTC-12,239.08,2023-11-10,null,2023-10-17,25,ARTC-12_239.08_20m_2023-10-17,ARTC-12_239.08,1
ARTC-12,239.08,2023-11-10,null,2023-10-18,24,ARTC-12_239.08_20m_2023-10-18,ARTC-12_239.08,1
ARTC-12,239.08,2023-11-10,null,2023-10-19,23,ARTC-12_239.08_20m_2023-10-19,ARTC-12_239.08,1
ARTC-12,239.08,2023-11-10,null,2023-10-20,22,ARTC-12_239.08_20m_2023-10-20,ARTC-12_239.08,1
ARTC-12,239.08,2023-11-10,null,2023-10-21,21,ARTC-12_239.08_20m_2023-10-21,ARTC-12_239.08,1
ARTC-12,239.08,2023-11-10,null,2023-10-22,20,ARTC-12_239.08_20m_2023-10-22,ARTC-12_239.08,1
ARTC-12,239.08,2023-11-10,null,2023-10-23,19,ARTC-12_239.08_20m_2023-10-23,ARTC-12_239.08,1
ARTC-12,239.08,2023-11-10,null,2023-10-24,18,ARTC-12_239.08_20m_2023-10-24,ARTC-12_239.08,1
ARTC-12,239.08,2023-11-10,null,2023-10-25,17,ARTC-12_239.08_20m_2023-10-25,ARTC-12_239.08,1
ARTC-12,239.08,2023-11-10,null,2023-10-26,16,ARTC-12_239.08_20m_2023-10-26,ARTC-12_239.08,1
ARTC-12,239.08,2023-11-10,null,2023-10-28,14,ARTC-12_239.08_20m_2023-10-28,ARTC-12_239.08,1
ARTC-12,239.08,2023-11-10,null,2023-10-29,13,ARTC-12_239.08_20m_2023-10-29,ARTC-12_239.08,1
ARTC-12,239.08,2023-11-10,null,2023-10-30,12,ARTC-12_239.08_20m_2023-10-30,ARTC-12_239.08,1
ARTC-12,239.08,2023-11-10,null,2023-10-31,11,ARTC-12_239.08_20m_2023-10-31,ARTC-12_239.08,1
ARTC-12,239.08,2023-11-10,null,2023-11-01,10,ARTC-12_239.08_20m_2023-11-01,ARTC-12_239.08,1
ARTC-12,239.08,2023-11-10,null,2023-11-02,9,ARTC-12_239.08_20m_2023-11-02,ARTC-12_239.08,1
ARTC-12,239.08,2023-11-10,null,2023-11-04,7,ARTC-12_239.08_20m_2023-11-04,ARTC-12_239.08,1
ARTC-12,239.08,2023-11-10,null,2023-11-05,6,ARTC-12_239.08_20m_2023-11-05,ARTC-12_239.08,1
ARTC-12,239.08,2023-11-10,null,2023-11-06,5,ARTC-12_239.08_20m_2023-11-06,ARTC-12_239.08,1
ARTC-12,239.08,2023-11-10,null,2023-11-07,4,ARTC-12_239.08_20m_2023-11-07,ARTC-12_239.08,1
ARTC-12,239.08,2023-11-10,null,2023-11-08,3,ARTC-12_239.08_20m_2023-11-08,ARTC-12_239.08,1
ARTC-12,239.08,2023-11-10,null,2023-11-10,1,ARTC-12_239.08_20m_2023-11-10,ARTC-12_239.08,1
ARTC-12,249.46,2023-07-08,2019-06-24,2023-05-03,67,ARTC-12_249.46_20m_2023-05-03,ARTC-12_249.46,0
ARTC-12,249.46,2023-07-08,2019-06-24,2023-05-04,66,ARTC-12_249.46_20m_2023-05-04,ARTC-12_249.46,0
ARTC-12,249.46,2023-07-08,2019-06-24,2023-05-05,65,ARTC-12_249.46_20m_2023-05-05,ARTC-12_249.46,0
ARTC-12,249.46,2023-07-08,2019-06-24,2023-05-06,64,ARTC-12_249.46_20m_2023-05-06,ARTC-12_249.46,0
ARTC-12,249.46,2023-07-08,2019-06-24,2023-05-07,63,ARTC-12_249.46_20m_2023-05-07,ARTC-12_249.46,0
ARTC-12,249.46,2023-07-08,2019-06-24,2023-05-08,62,ARTC-12_249.46_20m_2023-05-08,ARTC-12_249.46,0
ARTC-12,249.46,2023-07-08,2019-06-24,2023-05-09,61,ARTC-12_249.46_20m_2023-05-09,ARTC-12_249.46,0
ARTC-12,249.46,2023-07-08,2019-06-24,2023-05-10,60,ARTC-12_249.46_20m_2023-05-10,ARTC-12_249.46,0
ARTC-12,249.46,2023-07-08,2019-06-24,2023-05-12,58,ARTC-12_249.46_20m_2023-05-12,ARTC-12_249.46,0
ARTC-12,249.46,2023-07-08,2019-06-24,2023-05-13,57,ARTC-12_249.46_20m_2023-05-13,ARTC-12_249.46,0
ARTC-12,249.46,2023-07-08,2019-06-24,2023-05-14,56,ARTC-12_249.46_20m_2023-05-14,ARTC-12_249.46,0
ARTC-12,249.46,2023-07-08,2019-06-24,2023-05-15,55,ARTC-12_249.46_20m_2023-05-15,ARTC-12_249.46,0
ARTC-12,249.46,2023-07-08,2019-06-24,2023-05-16,54,ARTC-12_249.46_20m_2023-05-16,ARTC-12_249.46,0
ARTC-12,249.46,2023-07-08,2019-06-24,2023-05-17,53,ARTC-12_249.46_20m_2023-05-17,ARTC-12_249.46,0
ARTC-12,249.46,2023-07-08,2019-06-24,2023-05-18,52,ARTC-12_249.46_20m_2023-05-18,ARTC-12_249.46,0
ARTC-12,249.46,2023-07-08,2019-06-24,2023-05-19,51,ARTC-12_249.46_20m_2023-05-19,ARTC-12_249.46,0
ARTC-12,249.46,2023-07-08,2019-06-24,2023-05-20,50,ARTC-12_249.46_20m_2023-05-20,ARTC-12_249.46,0
ARTC-12,249.46,2023-07-08,2019-06-24,2023-05-21,49,ARTC-12_249.46_20m_2023-05-21,ARTC-12_249.46,0
ARTC-12,249.46,2023-07-08,2019-06-24,2023-05-22,48,ARTC-12_249.46_20m_2023-05-22,ARTC-12_249.46,0
ARTC-12,249.46,2023-07-08,2019-06-24,2023-06-03,36,ARTC-12_249.46_20m_2023-06-03,ARTC-12_249.46,0
ARTC-12,249.46,2023-07-08,2019-06-24,2023-06-04,35,ARTC-12_249.46_20m_2023-06-04,ARTC-12_249.46,0
ARTC-12,249.46,2023-07-08,2019-06-24,2023-06-07,32,ARTC-12_249.46_20m_2023-06-07,ARTC-12_249.46,0
ARTC-12,249.46,2023-07-08,2019-06-24,2023-06-08,31,ARTC-12_249.46_20m_2023-06-08,ARTC-12_249.46,0
ARTC-12,249.46,2023-07-08,2019-06-24,2023-06-09,30,ARTC-12_249.46_20m_2023-06-09,ARTC-12_249.46,0
ARTC-12,249.46,2023-07-08,2019-06-24,2023-06-10,29,ARTC-12_249.46_20m_2023-06-10,ARTC-12_249.46,1
ARTC-12,249.46,2023-07-08,2019-06-24,2023-06-11,28,ARTC-12_249.46_20m_2023-06-11,ARTC-12_249.46,1
ARTC-12,249.46,2023-07-08,2019-06-24,2023-06-12,27,ARTC-12_249.46_20m_2023-06-12,ARTC-12_249.46,1
ARTC-12,249.46,2023-07-08,2019-06-24,2023-06-13,26,ARTC-12_249.46_20m_2023-06-13,ARTC-12_249.46,1
ARTC-12,249.46,2023-07-08,2019-06-24,2023-06-14,25,ARTC-12_249.46_20m_2023-06-14,ARTC-12_249.46,1
ARTC-12,249.46,2023-07-08,2019-06-24,2023-06-15,24,ARTC-12_249.46_20m_2023-06-15,ARTC-12_249.46,1
ARTC-12,249.46,2023-07-08,2019-06-24,2023-06-17,22,ARTC-12_249.46_20m_2023-06-17,ARTC-12_249.46,1
ARTC-12,249.46,2023-07-08,2019-06-24,2023-06-18,21,ARTC-12_249.46_20m_2023-06-18,ARTC-12_249.46,1
ARTC-12,249.46,2023-07-08,2019-06-24,2023-06-19,20,ARTC-12_249.46_20m_2023-06-19,ARTC-12_249.46,1
ARTC-12,249.46,2023-07-08,2019-06-24,2023-06-20,19,ARTC-12_249.46_20m_2023-06-20,ARTC-12_249.46,1
ARTC-12,249.46,2023-07-08,2019-06-24,2023-06-21,18,ARTC-12_249.46_20m_2023-06-21,ARTC-12_249.46,1
ARTC-12,249.46,2023-07-08,2019-06-24,2023-06-22,17,ARTC-12_249.46_20m_2023-06-22,ARTC-12_249.46,1
ARTC-12,249.46,2023-07-08,2019-06-24,2023-06-23,16,ARTC-12_249.46_20m_2023-06-23,ARTC-12_249.46,1
ARTC-12,249.46,2023-07-08,2019-06-24,2023-06-24,15,ARTC-12_249.46_20m_2023-06-24,ARTC-12_249.46,1
ARTC-12,249.46,2023-07-08,2019-06-24,2023-06-25,14,ARTC-12_249.46_20m_2023-06-25,ARTC-12_249.46,1
ARTC-12,249.46,2023-07-08,2019-06-24,2023-06-26,13,ARTC-12_249.46_20m_2023-06-26,ARTC-12_249.46,1
ARTC-12,249.46,2023-07-08,2019-06-24,2023-06-27,12,ARTC-12_249.46_20m_2023-06-27,ARTC-12_249.46,1
ARTC-12,249.46,2023-07-08,2019-06-24,2023-06-28,11,ARTC-12_249.46_20m_2023-06-28,ARTC-12_249.46,1
ARTC-12,249.46,2023-07-08,2019-06-24,2023-06-29,10,ARTC-12_249.46_20m_2023-06-29,ARTC-12_249.46,1
ARTC-12,249.46,2023-07-08,2019-06-24,2023-06-30,9,ARTC-12_249.46_20m_2023-06-30,ARTC-12_249.46,1
ARTC-12,249.46,2023-07-08,2019-06-24,2023-07-01,8,ARTC-12_249.46_20m_2023-07-01,ARTC-12_249.46,1
ARTC-12,249.46,2023-07-08,2019-06-24,2023-07-02,7,ARTC-12_249.46_20m_2023-07-02,ARTC-12_249.46,1
ARTC-12,249.46,2023-07-08,2019-06-24,2023-07-03,6,ARTC-12_249.46_20m_2023-07-03,ARTC-12_249.46,1
ARTC-12,249.46,2023-07-08,2019-06-24,2023-07-04,5,ARTC-12_249.46_20m_2023-07-04,ARTC-12_249.46,1
ARTC-12,249.46,2023-07-08,2019-06-24,2023-07-05,4,ARTC-12_249.46_20m_2023-07-05,ARTC-12_249.46,1
ARTC-12,249.46,2023-07-08,2019-06-24,2023-07-06,3,ARTC-12_249.46_20m_2023-07-06,ARTC-12_249.46,1
ARTC-12,249.46,2023-07-08,2019-06-24,2023-07-07,2,ARTC-12_249.46_20m_2023-07-07,ARTC-12_249.46,1
ARTC-12,249.46,2023-07-08,2019-06-24,2023-07-08,1,ARTC-12_249.46_20m_2023-07-08,ARTC-12_249.46,1
ARTC-14,314.78,2023-11-23,null,2023-08-09,107,ARTC-14_314.78_20m_2023-08-09,ARTC-14_314.78,0
ARTC-14,314.78,2023-11-23,null,2023-08-10,106,ARTC-14_314.78_20m_2023-08-10,ARTC-14_314.78,0
ARTC-14,314.78,2023-11-23,null,2023-08-12,104,ARTC-14_314.78_20m_2023-08-12,ARTC-14_314.78,0
ARTC-14,314.78,2023-11-23,null,2023-08-14,102,ARTC-14_314.78_20m_2023-08-14,ARTC-14_314.78,0
ARTC-14,314.78,2023-11-23,null,2023-08-15,101,ARTC-14_314.78_20m_2023-08-15,ARTC-14_314.78,0
ARTC-14,314.78,2023-11-23,null,2023-08-16,100,ARTC-14_314.78_20m_2023-08-16,ARTC-14_314.78,0
ARTC-14,314.78,2023-11-23,null,2023-08-17,99,ARTC-14_314.78_20m_2023-08-17,ARTC-14_314.78,0
ARTC-14,314.78,2023-11-23,null,2023-08-18,98,ARTC-14_314.78_20m_2023-08-18,ARTC-14_314.78,0
ARTC-14,314.78,2023-11-23,null,2023-08-19,97,ARTC-14_314.78_20m_2023-08-19,ARTC-14_314.78,0
ARTC-14,314.78,2023-11-23,null,2023-08-20,96,ARTC-14_314.78_20m_2023-08-20,ARTC-14_314.78,0
ARTC-14,314.78,2023-11-23,null,2023-08-21,95,ARTC-14_314.78_20m_2023-08-21,ARTC-14_314.78,0
ARTC-14,314.78,2023-11-23,null,2023-08-23,93,ARTC-14_314.78_20m_2023-08-23,ARTC-14_314.78,0
ARTC-14,314.78,2023-11-23,null,2023-08-24,92,ARTC-14_314.78_20m_2023-08-24,ARTC-14_314.78,0
ARTC-14,314.78,2023-11-23,null,2023-08-25,91,ARTC-14_314.78_20m_2023-08-25,ARTC-14_314.78,0
ARTC-14,314.78,2023-11-23,null,2023-08-26,90,ARTC-14_314.78_20m_2023-08-26,ARTC-14_314.78,0
ARTC-14,314.78,2023-11-23,null,2023-08-27,89,ARTC-14_314.78_20m_2023-08-27,ARTC-14_314.78,0
ARTC-14,314.78,2023-11-23,null,2023-08-28,88,ARTC-14_314.78_20m_2023-08-28,ARTC-14_314.78,0
ARTC-14,314.78,2023-11-23,null,2023-08-30,86,ARTC-14_314.78_20m_2023-08-30,ARTC-14_314.78,0
ARTC-14,314.78,2023-11-23,null,2023-08-31,85,ARTC-14_314.78_20m_2023-08-31,ARTC-14_314.78,0
ARTC-14,314.78,2023-11-23,null,2023-09-01,84,ARTC-14_314.78_20m_2023-09-01,ARTC-14_314.78,0
ARTC-14,314.78,2023-11-23,null,2023-09-02,83,ARTC-14_314.78_20m_2023-09-02,ARTC-14_314.78,0
ARTC-14,314.78,2023-11-23,null,2023-09-03,82,ARTC-14_314.78_20m_2023-09-03,ARTC-14_314.78,0
ARTC-14,314.78,2023-11-23,null,2023-09-04,81,ARTC-14_314.78_20m_2023-09-04,ARTC-14_314.78,0
ARTC-14,314.78,2023-11-23,null,2023-09-05,80,ARTC-14_314.78_20m_2023-09-05,ARTC-14_314.78,0
ARTC-14,314.78,2023-11-23,null,2023-09-06,79,ARTC-14_314.78_20m_2023-09-06,ARTC-14_314.78,0
ARTC-14,314.78,2023-11-23,null,2023-09-07,78,ARTC-14_314.78_20m_2023-09-07,ARTC-14_314.78,0
ARTC-14,314.78,2023-11-23,null,2023-09-08,77,ARTC-14_314.78_20m_2023-09-08,ARTC-14_314.78,0
ARTC-14,314.78,2023-11-23,null,2023-09-09,76,ARTC-14_314.78_20m_2023-09-09,ARTC-14_314.78,0
ARTC-14,314.78,2023-11-23,null,2023-09-10,75,ARTC-14_314.78_20m_2023-09-10,ARTC-14_314.78,0
ARTC-14,314.78,2023-11-23,null,2023-09-11,74,ARTC-14_314.78_20m_2023-09-11,ARTC-14_314.78,0
ARTC-14,314.78,2023-11-23,null,2023-09-12,73,ARTC-14_314.78_20m_2023-09-12,ARTC-14_314.78,0
ARTC-14,314.78,2023-11-23,null,2023-09-13,72,ARTC-14_314.78_20m_2023-09-13,ARTC-14_314.78,0
ARTC-14,314.78,2023-11-23,null,2023-09-14,71,ARTC-14_314.78_20m_2023-09-14,ARTC-14_314.78,0
ARTC-14,314.78,2023-11-23,null,2023-09-15,70,ARTC-14_314.78_20m_2023-09-15,ARTC-14_314.78,0
ARTC-14,314.78,2023-11-23,null,2023-09-16,69,ARTC-14_314.78_20m_2023-09-16,ARTC-14_314.78,0
ARTC-14,314.78,2023-11-23,null,2023-09-18,67,ARTC-14_314.78_20m_2023-09-18,ARTC-14_314.78,0
ARTC-14,314.78,2023-11-23,null,2023-09-19,66,ARTC-14_314.78_20m_2023-09-19,ARTC-14_314.78,0
ARTC-14,314.78,2023-11-23,null,2023-09-20,65,ARTC-14_314.78_20m_2023-09-20,ARTC-14_314.78,0
ARTC-14,314.78,2023-11-23,null,2023-09-21,64,ARTC-14_314.78_20m_2023-09-21,ARTC-14_314.78,0
ARTC-14,314.78,2023-11-23,null,2023-09-22,63,ARTC-14_314.78_20m_2023-09-22,ARTC-14_314.78,0
ARTC-14,314.78,2023-11-23,null,2023-09-23,62,ARTC-14_314.78_20m_2023-09-23,ARTC-14_314.78,0
ARTC-14,314.78,2023-11-23,null,2023-09-24,61,ARTC-14_314.78_20m_2023-09-24,ARTC-14_314.78,0
ARTC-14,314.78,2023-11-23,null,2023-09-25,60,ARTC-14_314.78_20m_2023-09-25,ARTC-14_314.78,0
ARTC-14,314.78,2023-11-23,null,2023-09-26,59,ARTC-14_314.78_20m_2023-09-26,ARTC-14_314.78,0
ARTC-14,314.78,2023-11-23,null,2023-09-27,58,ARTC-14_314.78_20m_2023-09-27,ARTC-14_314.78,0
ARTC-14,314.78,2023-11-23,null,2023-09-28,57,ARTC-14_314.78_20m_2023-09-28,ARTC-14_314.78,0
ARTC-14,314.78,2023-11-23,null,2023-09-29,56,ARTC-14_314.78_20m_2023-09-29,ARTC-14_314.78,0
ARTC-14,314.78,2023-11-23,null,2023-09-30,55,ARTC-14_314.78_20m_2023-09-30,ARTC-14_314.78,0
ARTC-14,314.78,2023-11-23,null,2023-10-01,54,ARTC-14_314.78_20m_2023-10-01,ARTC-14_314.78,0
ARTC-14,314.78,2023-11-23,null,2023-10-03,52,ARTC-14_314.78_20m_2023-10-03,ARTC-14_314.78,0
ARTC-14,314.78,2023-11-23,null,2023-10-07,48,ARTC-14_314.78_20m_2023-10-07,ARTC-14_314.78,0
ARTC-14,314.78,2023-11-23,null,2023-10-08,47,ARTC-14_314.78_20m_2023-10-08,ARTC-14_314.78,0
ARTC-14,314.78,2023-11-23,null,2023-10-09,46,ARTC-14_314.78_20m_2023-10-09,ARTC-14_314.78,0
ARTC-14,314.78,2023-11-23,null,2023-10-10,45,ARTC-14_314.78_20m_2023-10-10,ARTC-14_314.78,0
ARTC-14,314.78,2023-11-23,null,2023-10-11,44,ARTC-14_314.78_20m_2023-10-11,ARTC-14_314.78,0
ARTC-14,314.78,2023-11-23,null,2023-10-14,41,ARTC-14_314.78_20m_2023-10-14,ARTC-14_314.78,0
ARTC-14,314.78,2023-11-23,null,2023-10-15,40,ARTC-14_314.78_20m_2023-10-15,ARTC-14_314.78,0
ARTC-14,314.78,2023-11-23,null,2023-10-16,39,ARTC-14_314.78_20m_2023-10-16,ARTC-14_314.78,0
ARTC-14,314.78,2023-11-23,null,2023-10-17,38,ARTC-14_314.78_20m_2023-10-17,ARTC-14_314.78,0
ARTC-14,314.78,2023-11-23,null,2023-10-18,37,ARTC-14_314.78_20m_2023-10-18,ARTC-14_314.78,0
ARTC-14,314.78,2023-11-23,null,2023-10-19,36,ARTC-14_314.78_20m_2023-10-19,ARTC-14_314.78,0
ARTC-14,314.78,2023-11-23,null,2023-10-20,35,ARTC-14_314.78_20m_2023-10-20,ARTC-14_314.78,0
ARTC-14,314.78,2023-11-23,null,2023-10-21,34,ARTC-14_314.78_20m_2023-10-21,ARTC-14_314.78,0
ARTC-14,314.78,2023-11-23,null,2023-10-22,33,ARTC-14_314.78_20m_2023-10-22,ARTC-14_314.78,0
ARTC-14,314.78,2023-11-23,null,2023-10-23,32,ARTC-14_314.78_20m_2023-10-23,ARTC-14_314.78,0
ARTC-14,314.78,2023-11-23,null,2023-10-24,31,ARTC-14_314.78_20m_2023-10-24,ARTC-14_314.78,0
ARTC-14,314.78,2023-11-23,null,2023-10-25,30,ARTC-14_314.78_20m_2023-10-25,ARTC-14_314.78,0
ARTC-14,314.78,2023-11-23,null,2023-10-26,29,ARTC-14_314.78_20m_2023-10-26,ARTC-14_314.78,1
ARTC-14,314.78,2023-11-23,null,2023-10-27,28,ARTC-14_314.78_20m_2023-10-27,ARTC-14_314.78,1
ARTC-14,314.78,2023-11-23,null,2023-10-30,25,ARTC-14_314.78_20m_2023-10-30,ARTC-14_314.78,1
ARTC-14,314.78,2023-11-23,null,2023-10-31,24,ARTC-14_314.78_20m_2023-10-31,ARTC-14_314.78,1
ARTC-14,314.78,2023-11-23,null,2023-11-01,23,ARTC-14_314.78_20m_2023-11-01,ARTC-14_314.78,1
ARTC-14,314.78,2023-11-23,null,2023-11-02,22,ARTC-14_314.78_20m_2023-11-02,ARTC-14_314.78,1
ARTC-14,314.78,2023-11-23,null,2023-11-04,20,ARTC-14_314.78_20m_2023-11-04,ARTC-14_314.78,1
ARTC-14,314.78,2023-11-23,null,2023-11-05,19,ARTC-14_314.78_20m_2023-11-05,ARTC-14_314.78,1
ARTC-14,314.78,2023-11-23,null,2023-11-07,17,ARTC-14_314.78_20m_2023-11-07,ARTC-14_314.78,1
ARTC-14,314.78,2023-11-23,null,2023-11-08,16,ARTC-14_314.78_20m_2023-11-08,ARTC-14_314.78,1
ARTC-14,314.78,2023-11-23,null,2023-11-09,15,ARTC-14_314.78_20m_2023-11-09,ARTC-14_314.78,1
ARTC-14,314.78,2023-11-23,null,2023-11-11,13,ARTC-14_314.78_20m_2023-11-11,ARTC-14_314.78,1
ARTC-14,314.78,2023-11-23,null,2023-11-12,12,ARTC-14_314.78_20m_2023-11-12,ARTC-14_314.78,1
ARTC-14,314.78,2023-11-23,null,2023-11-13,11,ARTC-14_314.78_20m_2023-11-13,ARTC-14_314.78,1
ARTC-14,314.78,2023-11-23,null,2023-11-15,9,ARTC-14_314.78_20m_2023-11-15,ARTC-14_314.78,1
ARTC-14,314.78,2023-11-23,null,2023-11-16,8,ARTC-14_314.78_20m_2023-11-16,ARTC-14_314.78,1
ARTC-14,314.78,2023-11-23,null,2023-11-17,7,ARTC-14_314.78_20m_2023-11-17,ARTC-14_314.78,1
ARTC-14,314.78,2023-11-23,null,2023-11-18,6,ARTC-14_314.78_20m_2023-11-18,ARTC-14_314.78,1
ARTC-14,314.78,2023-11-23,null,2023-11-19,5,ARTC-14_314.78_20m_2023-11-19,ARTC-14_314.78,1
ARTC-14,314.78,2023-11-23,null,2023-11-20,4,ARTC-14_314.78_20m_2023-11-20,ARTC-14_314.78,1
ARTC-14,362.14,2023-10-19,null,2023-07-01,111,ARTC-14_362.14_20m_2023-07-01,ARTC-14_362.14,0
ARTC-14,362.14,2023-10-19,null,2023-07-03,109,ARTC-14_362.14_20m_2023-07-03,ARTC-14_362.14,0
ARTC-14,362.14,2023-10-19,null,2023-07-04,108,ARTC-14_362.14_20m_2023-07-04,ARTC-14_362.14,0
ARTC-14,362.14,2023-10-19,null,2023-07-05,107,ARTC-14_362.14_20m_2023-07-05,ARTC-14_362.14,0
ARTC-14,362.14,2023-10-19,null,2023-07-06,106,ARTC-14_362.14_20m_2023-07-06,ARTC-14_362.14,0
ARTC-14,362.14,2023-10-19,null,2023-07-07,105,ARTC-14_362.14_20m_2023-07-07,ARTC-14_362.14,0
ARTC-14,362.14,2023-10-19,null,2023-07-09,103,ARTC-14_362.14_20m_2023-07-09,ARTC-14_362.14,0
ARTC-14,362.14,2023-10-19,null,2023-07-10,102,ARTC-14_362.14_20m_2023-07-10,ARTC-14_362.14,0
ARTC-14,362.14,2023-10-19,null,2023-07-15,97,ARTC-14_362.14_20m_2023-07-15,ARTC-14_362.14,0
ARTC-14,362.14,2023-10-19,null,2023-07-16,96,ARTC-14_362.14_20m_2023-07-16,ARTC-14_362.14,0
ARTC-14,362.14,2023-10-19,null,2023-07-18,94,ARTC-14_362.14_20m_2023-07-18,ARTC-14_362.14,0
ARTC-14,362.14,2023-10-19,null,2023-07-19,93,ARTC-14_362.14_20m_2023-07-19,ARTC-14_362.14,0
ARTC-14,362.14,2023-10-19,null,2023-07-20,92,ARTC-14_362.14_20m_2023-07-20,ARTC-14_362.14,0
ARTC-14,362.14,2023-10-19,null,2023-07-21,91,ARTC-14_362.14_20m_2023-07-21,ARTC-14_362.14,0
ARTC-14,362.14,2023-10-19,null,2023-07-27,85,ARTC-14_362.14_20m_2023-07-27,ARTC-14_362.14,0
ARTC-14,362.14,2023-10-19,null,2023-07-28,84,ARTC-14_362.14_20m_2023-07-28,ARTC-14_362.14,0
ARTC-14,362.14,2023-10-19,null,2023-07-29,83,ARTC-14_362.14_20m_2023-07-29,ARTC-14_362.14,0
ARTC-14,362.14,2023-10-19,null,2023-07-31,81,ARTC-14_362.14_20m_2023-07-31,ARTC-14_362.14,0
ARTC-14,362.14,2023-10-19,null,2023-08-02,79,ARTC-14_362.14_20m_2023-08-02,ARTC-14_362.14,0
ARTC-14,362.14,2023-10-19,null,2023-08-03,78,ARTC-14_362.14_20m_2023-08-03,ARTC-14_362.14,0
ARTC-14,362.14,2023-10-19,null,2023-08-09,72,ARTC-14_362.14_20m_2023-08-09,ARTC-14_362.14,0
ARTC-14,362.14,2023-10-19,null,2023-08-10,71,ARTC-14_362.14_20m_2023-08-10,ARTC-14_362.14,0
ARTC-14,362.14,2023-10-19,null,2023-08-12,69,ARTC-14_362.14_20m_2023-08-12,ARTC-14_362.14,0
ARTC-14,362.14,2023-10-19,null,2023-08-14,67,ARTC-14_362.14_20m_2023-08-14,ARTC-14_362.14,0
ARTC-14,362.14,2023-10-19,null,2023-08-15,66,ARTC-14_362.14_20m_2023-08-15,ARTC-14_362.14,0
ARTC-14,362.14,2023-10-19,null,2023-08-16,65,ARTC-14_362.14_20m_2023-08-16,ARTC-14_362.14,0
ARTC-14,362.14,2023-10-19,null,2023-08-17,64,ARTC-14_362.14_20m_2023-08-17,ARTC-14_362.14,0
ARTC-14,362.14,2023-10-19,null,2023-08-18,63,ARTC-14_362.14_20m_2023-08-18,ARTC-14_362.14,0
ARTC-14,362.14,2023-10-19,null,2023-08-19,62,ARTC-14_362.14_20m_2023-08-19,ARTC-14_362.14,0
ARTC-14,362.14,2023-10-19,null,2023-08-20,61,ARTC-14_362.14_20m_2023-08-20,ARTC-14_362.14,0
ARTC-14,362.14,2023-10-19,null,2023-08-21,60,ARTC-14_362.14_20m_2023-08-21,ARTC-14_362.14,0
ARTC-14,362.14,2023-10-19,null,2023-08-23,58,ARTC-14_362.14_20m_2023-08-23,ARTC-14_362.14,0
ARTC-14,362.14,2023-10-19,null,2023-08-24,57,ARTC-14_362.14_20m_2023-08-24,ARTC-14_362.14,0
ARTC-14,362.14,2023-10-19,null,2023-08-25,56,ARTC-14_362.14_20m_2023-08-25,ARTC-14_362.14,0
ARTC-14,362.14,2023-10-19,null,2023-08-26,55,ARTC-14_362.14_20m_2023-08-26,ARTC-14_362.14,0
ARTC-14,362.14,2023-10-19,null,2023-08-27,54,ARTC-14_362.14_20m_2023-08-27,ARTC-14_362.14,0
ARTC-14,362.14,2023-10-19,null,2023-08-28,53,ARTC-14_362.14_20m_2023-08-28,ARTC-14_362.14,0
ARTC-14,362.14,2023-10-19,null,2023-08-30,51,ARTC-14_362.14_20m_2023-08-30,ARTC-14_362.14,0
ARTC-14,362.14,2023-10-19,null,2023-08-31,50,ARTC-14_362.14_20m_2023-08-31,ARTC-14_362.14,0
ARTC-14,362.14,2023-10-19,null,2023-09-01,49,ARTC-14_362.14_20m_2023-09-01,ARTC-14_362.14,0
ARTC-14,362.14,2023-10-19,null,2023-09-02,48,ARTC-14_362.14_20m_2023-09-02,ARTC-14_362.14,0
ARTC-14,362.14,2023-10-19,null,2023-09-03,47,ARTC-14_362.14_20m_2023-09-03,ARTC-14_362.14,0
ARTC-14,362.14,2023-10-19,null,2023-09-04,46,ARTC-14_362.14_20m_2023-09-04,ARTC-14_362.14,0
ARTC-14,362.14,2023-10-19,null,2023-09-05,45,ARTC-14_362.14_20m_2023-09-05,ARTC-14_362.14,0
ARTC-14,362.14,2023-10-19,null,2023-09-06,44,ARTC-14_362.14_20m_2023-09-06,ARTC-14_362.14,0
ARTC-14,362.14,2023-10-19,null,2023-09-07,43,ARTC-14_362.14_20m_2023-09-07,ARTC-14_362.14,0
ARTC-14,362.14,2023-10-19,null,2023-09-08,42,ARTC-14_362.14_20m_2023-09-08,ARTC-14_362.14,0
ARTC-14,362.14,2023-10-19,null,2023-09-09,41,ARTC-14_362.14_20m_2023-09-09,ARTC-14_362.14,0
ARTC-14,362.14,2023-10-19,null,2023-09-10,40,ARTC-14_362.14_20m_2023-09-10,ARTC-14_362.14,0
ARTC-14,362.14,2023-10-19,null,2023-09-11,39,ARTC-14_362.14_20m_2023-09-11,ARTC-14_362.14,0
ARTC-14,362.14,2023-10-19,null,2023-09-12,38,ARTC-14_362.14_20m_2023-09-12,ARTC-14_362.14,0
ARTC-14,362.14,2023-10-19,null,2023-09-13,37,ARTC-14_362.14_20m_2023-09-13,ARTC-14_362.14,0
ARTC-14,362.14,2023-10-19,null,2023-09-14,36,ARTC-14_362.14_20m_2023-09-14,ARTC-14_362.14,0
ARTC-14,362.14,2023-10-19,null,2023-09-15,35,ARTC-14_362.14_20m_2023-09-15,ARTC-14_362.14,0
ARTC-14,362.14,2023-10-19,null,2023-09-16,34,ARTC-14_362.14_20m_2023-09-16,ARTC-14_362.14,0
ARTC-14,362.14,2023-10-19,null,2023-09-18,32,ARTC-14_362.14_20m_2023-09-18,ARTC-14_362.14,0
ARTC-14,362.14,2023-10-19,null,2023-09-19,31,ARTC-14_362.14_20m_2023-09-19,ARTC-14_362.14,0
ARTC-14,362.14,2023-10-19,null,2023-09-20,30,ARTC-14_362.14_20m_2023-09-20,ARTC-14_362.14,0
ARTC-14,362.14,2023-10-19,null,2023-09-21,29,ARTC-14_362.14_20m_2023-09-21,ARTC-14_362.14,1
ARTC-14,362.14,2023-10-19,null,2023-09-22,28,ARTC-14_362.14_20m_2023-09-22,ARTC-14_362.14,1
ARTC-14,362.14,2023-10-19,null,2023-09-23,27,ARTC-14_362.14_20m_2023-09-23,ARTC-14_362.14,1
ARTC-14,362.14,2023-10-19,null,2023-09-24,26,ARTC-14_362.14_20m_2023-09-24,ARTC-14_362.14,1
ARTC-14,362.14,2023-10-19,null,2023-09-25,25,ARTC-14_362.14_20m_2023-09-25,ARTC-14_362.14,1
ARTC-14,362.14,2023-10-19,null,2023-09-26,24,ARTC-14_362.14_20m_2023-09-26,ARTC-14_362.14,1
ARTC-14,362.14,2023-10-19,null,2023-09-27,23,ARTC-14_362.14_20m_2023-09-27,ARTC-14_362.14,1
ARTC-14,362.14,2023-10-19,null,2023-09-28,22,ARTC-14_362.14_20m_2023-09-28,ARTC-14_362.14,1
ARTC-14,362.14,2023-10-19,null,2023-09-29,21,ARTC-14_362.14_20m_2023-09-29,ARTC-14_362.14,1
ARTC-14,362.14,2023-10-19,null,2023-09-30,20,ARTC-14_362.14_20m_2023-09-30,ARTC-14_362.14,1
ARTC-14,362.14,2023-10-19,null,2023-10-01,19,ARTC-14_362.14_20m_2023-10-01,ARTC-14_362.14,1
ARTC-14,362.14,2023-10-19,null,2023-10-03,17,ARTC-14_362.14_20m_2023-10-03,ARTC-14_362.14,1
ARTC-14,362.14,2023-10-19,null,2023-10-07,13,ARTC-14_362.14_20m_2023-10-07,ARTC-14_362.14,1
ARTC-14,362.14,2023-10-19,null,2023-10-08,12,ARTC-14_362.14_20m_2023-10-08,ARTC-14_362.14,1
ARTC-14,362.14,2023-10-19,null,2023-10-09,11,ARTC-14_362.14_20m_2023-10-09,ARTC-14_362.14,1
ARTC-14,362.14,2023-10-19,null,2023-10-10,10,ARTC-14_362.14_20m_2023-10-10,ARTC-14_362.14,1
ARTC-14,362.14,2023-10-19,null,2023-10-11,9,ARTC-14_362.14_20m_2023-10-11,ARTC-14_362.14,1
ARTC-14,362.14,2023-10-19,null,2023-10-14,6,ARTC-14_362.14_20m_2023-10-14,ARTC-14_362.14,1
ARTC-14,362.14,2023-10-19,null,2023-10-15,5,ARTC-14_362.14_20m_2023-10-15,ARTC-14_362.14,1
ARTC-14,362.14,2023-10-19,null,2023-10-16,4,ARTC-14_362.14_20m_2023-10-16,ARTC-14_362.14,1
ARTC-14,362.14,2023-10-19,null,2023-10-17,3,ARTC-14_362.14_20m_2023-10-17,ARTC-14_362.14,1
ARTC-14,362.14,2023-10-19,null,2023-10-18,2,ARTC-14_362.14_20m_2023-10-18,ARTC-14_362.14,1
ARTC-14,362.14,2023-10-19,null,2023-10-19,1,ARTC-14_362.14_20m_2023-10-19,ARTC-14_362.14,1
ARTC-16,420.06,2023-08-04,null,2023-05-05,92,ARTC-16_420.06_20m_2023-05-05,ARTC-16_420.06,0
ARTC-16,420.06,2023-08-04,null,2023-05-08,89,ARTC-16_420.06_20m_2023-05-08,ARTC-16_420.06,0
ARTC-16,420.06,2023-08-04,null,2023-05-09,88,ARTC-16_420.06_20m_2023-05-09,ARTC-16_420.06,0
ARTC-16,420.06,2023-08-04,null,2023-05-12,85,ARTC-16_420.06_20m_2023-05-12,ARTC-16_420.06,0
ARTC-16,420.06,2023-08-04,null,2023-05-13,84,ARTC-16_420.06_20m_2023-05-13,ARTC-16_420.06,0
ARTC-16,420.06,2023-08-04,null,2023-05-15,82,ARTC-16_420.06_20m_2023-05-15,ARTC-16_420.06,0
ARTC-16,420.06,2023-08-04,null,2023-05-17,80,ARTC-16_420.06_20m_2023-05-17,ARTC-16_420.06,0
ARTC-16,420.06,2023-08-04,null,2023-06-07,59,ARTC-16_420.06_20m_2023-06-07,ARTC-16_420.06,0
ARTC-16,420.06,2023-08-04,null,2023-06-08,58,ARTC-16_420.06_20m_2023-06-08,ARTC-16_420.06,0
ARTC-16,420.06,2023-08-04,null,2023-06-09,57,ARTC-16_420.06_20m_2023-06-09,ARTC-16_420.06,0
ARTC-16,420.06,2023-08-04,null,2023-06-13,53,ARTC-16_420.06_20m_2023-06-13,ARTC-16_420.06,0
ARTC-16,420.06,2023-08-04,null,2023-06-17,49,ARTC-16_420.06_20m_2023-06-17,ARTC-16_420.06,0
ARTC-16,420.06,2023-08-04,null,2023-06-18,48,ARTC-16_420.06_20m_2023-06-18,ARTC-16_420.06,0
ARTC-16,420.06,2023-08-04,null,2023-06-19,47,ARTC-16_420.06_20m_2023-06-19,ARTC-16_420.06,0
ARTC-16,420.06,2023-08-04,null,2023-06-20,46,ARTC-16_420.06_20m_2023-06-20,ARTC-16_420.06,0
ARTC-16,420.06,2023-08-04,null,2023-06-21,45,ARTC-16_420.06_20m_2023-06-21,ARTC-16_420.06,0
ARTC-16,420.06,2023-08-04,null,2023-06-22,44,ARTC-16_420.06_20m_2023-06-22,ARTC-16_420.06,0
ARTC-16,420.06,2023-08-04,null,2023-06-24,42,ARTC-16_420.06_20m_2023-06-24,ARTC-16_420.06,0
ARTC-16,420.06,2023-08-04,null,2023-06-25,41,ARTC-16_420.06_20m_2023-06-25,ARTC-16_420.06,0
ARTC-16,420.06,2023-08-04,null,2023-06-26,40,ARTC-16_420.06_20m_2023-06-26,ARTC-16_420.06,0
ARTC-16,420.06,2023-08-04,null,2023-06-27,39,ARTC-16_420.06_20m_2023-06-27,ARTC-16_420.06,0
ARTC-16,420.06,2023-08-04,null,2023-06-28,38,ARTC-16_420.06_20m_2023-06-28,ARTC-16_420.06,0
ARTC-16,420.06,2023-08-04,null,2023-06-29,37,ARTC-16_420.06_20m_2023-06-29,ARTC-16_420.06,0
ARTC-16,420.06,2023-08-04,null,2023-06-30,36,ARTC-16_420.06_20m_2023-06-30,ARTC-16_420.06,0
ARTC-16,420.06,2023-08-04,null,2023-07-04,32,ARTC-16_420.06_20m_2023-07-04,ARTC-16_420.06,0
ARTC-16,420.06,2023-08-04,null,2023-07-07,29,ARTC-16_420.06_20m_2023-07-07,ARTC-16_420.06,1
ARTC-16,420.06,2023-08-04,null,2023-07-08,28,ARTC-16_420.06_20m_2023-07-08,ARTC-16_420.06,1
ARTC-16,420.06,2023-08-04,null,2023-07-10,26,ARTC-16_420.06_20m_2023-07-10,ARTC-16_420.06,1
ARTC-16,420.06,2023-08-04,null,2023-07-11,25,ARTC-16_420.06_20m_2023-07-11,ARTC-16_420.06,1
ARTC-16,420.06,2023-08-04,null,2023-07-14,22,ARTC-16_420.06_20m_2023-07-14,ARTC-16_420.06,1
ARTC-16,420.06,2023-08-04,null,2023-07-15,21,ARTC-16_420.06_20m_2023-07-15,ARTC-16_420.06,1
ARTC-16,420.06,2023-08-04,null,2023-07-16,20,ARTC-16_420.06_20m_2023-07-16,ARTC-16_420.06,1
ARTC-16,420.06,2023-08-04,null,2023-07-17,19,ARTC-16_420.06_20m_2023-07-17,ARTC-16_420.06,1
ARTC-16,420.06,2023-08-04,null,2023-07-18,18,ARTC-16_420.06_20m_2023-07-18,ARTC-16_420.06,1
ARTC-16,420.06,2023-08-04,null,2023-07-19,17,ARTC-16_420.06_20m_2023-07-19,ARTC-16_420.06,1
ARTC-16,420.06,2023-08-04,null,2023-07-20,16,ARTC-16_420.06_20m_2023-07-20,ARTC-16_420.06,1
ARTC-16,420.06,2023-08-04,null,2023-07-23,13,ARTC-16_420.06_20m_2023-07-23,ARTC-16_420.06,1
ARTC-16,420.06,2023-08-04,null,2023-07-24,12,ARTC-16_420.06_20m_2023-07-24,ARTC-16_420.06,1
ARTC-16,420.06,2023-08-04,null,2023-07-26,10,ARTC-16_420.06_20m_2023-07-26,ARTC-16_420.06,1
ARTC-16,420.06,2023-08-04,null,2023-07-28,8,ARTC-16_420.06_20m_2023-07-28,ARTC-16_420.06,1
ARTC-16,420.06,2023-08-04,null,2023-07-31,5,ARTC-16_420.06_20m_2023-07-31,ARTC-16_420.06,1
ARTC-16,420.06,2023-08-04,null,2023-08-02,3,ARTC-16_420.06_20m_2023-08-02,ARTC-16_420.06,1
ARTC-16,420.06,2023-08-04,null,2023-08-04,1,ARTC-16_420.06_20m_2023-08-04,ARTC-16_420.06,1
